MESH 	 drugbank_ids with | as seperator  
C025130	DB01589
D007528	DB00221
D010396	DB00859
D010425	DB01090
D010426	DB00686
D007520	DB01247
D010423	DB00652
C012482	DB02279
D000092	DB00414
D000093	DB02788
D009571	DB03040
D010424	DB00312
C005331	DB01486
D010394	DB01359
C042852	DB00556
C005111	DB00340
D010643	DB00925
D007785	DB04465
D010645	DB00191
D010646	DB00692
D008559	DB01043
D008558	DB01042
C015044	DB03054
D008550	DB01065
D011464	DB01240
C058815	DB03693
C008757	DB04257
D053590	DB00026
D014635	DB00313|DB00510
C047360	DB00949
D015365	DB00467
D015366	DB00487
D007654	DB01026
C026116	DB00214
C100234	DB00767
D000433	DB03175
D000431	DB00898
D011112	DB00781
D017294	DB00904
D012460	DB00795
D016729	DB00007
D011284	DB02789
C415250	DB01609
D012266	DB01936
D019298	DB03581
C062876	DB00050
D019297	DB04528
D020148	DB03568
D017706	DB00722
C474021	DB02052
C020976	DB00972
D017035	DB00175
D003843	|DB03798
D003840	DB03619
D003841	DB02594
D003022	DB00257
D003023	DB01147
D003024	DB00363
C031638	DB01557
C044815	DB00294
D000068877	DB00619
C010432	|DB04837
D005479	DB00690
D005478	DB00846
C071741	DB00899
D009173	DB01024
D005473	DB00472
D005472	DB00544
D005475	DB00875
D005474	DB01185
D005476	DB00623
D012642	DB01037
D013738	DB00894
D000069472	DB00930
D000069470	DB00285
D000069478	DB01255
C030691	DB13180
D002794	DB00122
D003534	DB04839
D003533	DB00434
D000068677	DB00203
C010238	DB01213
D005277	DB00574
D008316	DB04524
D008315	DB03057
D000068296	DB00884
D000068299	DB00938
D000068298	DB00588
D005279	DB00573
D001205	DB00126
D001971	DB01200
D001977	DB00835
D000068900	DB01261
D009288	DB00788
D001374	DB00928
D001375	DB01667
C070766	DB04261
D010644	DB00946
C012078	DB02638
D001379	DB00993
C068373	DB00876
D006879	DB00200
D002174	DB01152
D004656	DB00584
D008653	DB00933
C012255	DB00349
C015451	DB02925
C100416	DB00008
C034666	DB04161
D008139	DB00836
D008130	DB01206
C005522	DB01553
C053091	DB00978
C068805	DB03410
C029658	DB03766
D010418	DB00183
D007538	DB00951
D007530	DB00753
D007531	DB00677
C004639	DB00606
D004329	DB00450
D010098	DB00497
C100093	DB04729
C479831	DB01950
D010094	|DB03209
D009543	DB01115
C012655	DB04743
C009118	DB01291
C005101	DB04843
D010073	DB01096
D010072	DB03940
D015774	DB01004
C037815	DB00251
C037760	DB03588
D010894	DB00554
D010890	DB00670
C059240	DB00185
C495910	DB00980
C080163	DB00685
C023665	DB01560
C005219	DB02806
D007649	DB01221
D008942	DB01204
D017576	DB00080
C015144	DB03760
D015283	DB00215
D015282	DB00104
D015281	DB00267
D016559	DB00864
C490728	DB01259
D010672	DB00252
C419708	DB00317
D003892	DB01078
D012255	DB01904
D011299	DB04825
C002101	DB01683
D012256	DB00140
C099860	DB04778
D003898	DB01260
C003853	DB02426
C010087	DB03852
C006358	DB00551
C040015	DB02375
C043877	DB00659
C044809	DB03470
C048833	DB00745
C058302	DB00691
C032538	DB01688
C031625	DB01923
C031626	DB02053
D013726	DB00871
C045463	DB01097
C010667	DB03059
C106791	DB00976
D020372	DB01191
D000069464	DB01591
D003493	DB01000
D003495	DB04838
C030110	DB00526
C058278	DB04631
D002784	DB04540
D003543	DB00847
C041014	DB03369|
D003545	DB00151
C030592	DB01571
C030374	DB04532
C016163	DB00385
C030371	DB00116
D002945	DB00515
D002762	DB00169
D019840	DB02325
D013619	DB00382
D005467	DB00322
D005468	DB03761
D005469	DB00324
D014747	DB00570
D014740	DB00194
C106812	DB00718
D000068338	DB01590
C017014	DB01419
D008238	DB04829
C083544	|DB00001
C070081	DB00947
D002166	DB04690
D002164	DB01744
C053268	DB01416
D014273	DB00508
D001418	DB00181
C012716	DB00288
D001414	DB00626
D004133	|DB03608
C474615	DB02545
C007005	DB00821
C475587	DB04662
C053081	DB01901
C053083	DB00963
C026223	DB03438
D000324	DB01285
D007810	DB03696
C108128	DB00998
D009553	DB00393
C042734	DB01220
C003402	DB00360
D010718	|DB00144
D010248	DB01384
C431085	DB04707
C029063	DB04551
C008500	DB02282
D015760	DB00802
D015764	DB01244
D015765	DB01430
D015766	DB00518
D015767	DB00358
D010068	DB00713
D007490	DB04818
D010885	DB00236
C015715	DB01294
C087896	DB00015
C554150	DB00011
C031967	DB01367
D010404	DB00417
C042398	DB00192
C047340	DB01106
C103303	DB00523
D000241	DB00640
C010175	DB00801
D008687	DB00331
D008680	DB00610
C043265	DB01606
D008939	DB00648
C043266	DB01413
D015296	DB01332
D010665	DB00397
C043060	DB01785
D000657	DB00543
D011139	DB01324
C005717	DB00807
D016589	DB00637
C107201	DB00932
D053626	DB01117
C056516	DB00990
D065819	DB00582
D017292	DB00590
D017291	DB01211
C031183	DB03193
D017298	DB00612
C044834	DB01249
C084656	DB00910
D013999	DB00373
C043114	DB01320
D000069458	DB00243
D013752	DB00759
D013974	DB00451
C007527	DB01491
C010679	DB01125
D014403	DB01199
D013759	DB00470
D000069454	DB01264
D013196	DB01517|DB02901
D003484	DB02679
D012110	DB00206
C006723	DB00676
D000068581	DB00820
D000068580	DB01273
D000068180	DB01238
D003000	DB00575
D003553	DB00138
D003006	DB01624
C017576	DB00957
D019856	DB03994
D002753	DB00356
D002752	DB00310
D005259	DB00093
C087255	DB01252
D002207	DB00314
D002974	DB00283
D002976	DB01407
C041359	DB00857
C093788	DB03010
D020912	DB01171
C102786	DB00362
D006641	DB03811
D020280	DB01104
D014975	DB00137
D001310	DB00995
D014750	DB00541
D014751	DB00309
D006152	DB02315
D006852	DB00999
D006853	DB00956
D006151	DB02857
D006854	DB00741
D005632	DB04173
C013015	DB01094
C035605	DB00461
C007257	|DB04457
C021139	DB00261
C021137	DB00240
C028815	DB00017
C099328	DB02534
C083418	DB00377
C062735	DB00549
C426859	DB01319
D014191	DB00752
D002997	DB01242
D002996	DB00882
D002994	DB00636
D002991	DB00845
D002990	DB11750
D013409	DB00634
C008425	DB02216
C032157	DB03127
C073225	DB04533
C052342	DB00273
C026211	DB02640
D000680	DB01612
D009526	|DB04820
D009525	DB00627
D009529	DB00622
C047723	DB01878
C004616	DB01161
D001539	DB00436
D008063	DB00166
C042705	DB00059
D043343	DB01420
D014498	DB03419
C059262	DB00369
C056507	DB00441
C098320	DB00625
D001627	DB00217
D009638	DB00368
D009637	DB00179
C019248	DB00282
C019249	DB02289
C005273	DB03467
D010479	DB01186
C086276	DB00439
C027765	DB02210
D008454	DB00579
D007665	DB00920
D007660	DB01009
D008692	DB01433
D000666	DB00681
C065757	DB00814
D008691	DB00333
D000661	DB00182
D000547	DB00915
C047246	DB00853
D015242	DB01165
C005703	DB03819
D016597	DB01157
D016595	DB00929
C063533	DB00204
D016593	DB00342
D015248	DB01241
D007069	DB01181
C072379	DB00912
D020113	DB04824
D020117	DB00604
D007065	DB00249|DB03778
D004121	DB01093
C001387	DB01547
D009853	DB00338
C116926	DB00533
D016912	DB00367
C007734	DB00180
C036658	DB02579
C009954	DB01108
D017265	DB01366
D016047	DB00943
C111827	DB01194
D013739	DB00624
D013988	DB00208
D013989	DB04831
D014291	DB01246
D006493	DB01109
D013982	DB01607
C067192	DB00308
D019311	DB02010
D002744	DB01114
D019319	DB02169
D000069449	DB01012
D013747	DB04844
D000069447	DB01409
D000069446	DB01072
D000069445	DB00289
C061870	DB00728
D017409	DB00708
D002998	DB01068
C106783	DB00952
C031280	DB02757
D002569	DB01034
D004970	DB00655
D004977	DB00330
D004976	DB00903
D003562	DB02097
C406061	DB00056
D019821	DB00641
D019820	DB02134
D003613	DB01406
D006220	DB00502
D002749	DB01239
C030397	DB01020
C016635	DB01762
D008320	DB03323
D002745	DB01556
D002740	DB00880
D002741	DB00269
C086648	DB00063
D017315	DB01340
D017312	DB00539
D017311	DB00381
D002697	DB01563
D002699	DB00291
C006429	DB00600
C055162	DB00758
C085516	DB03021
D004809	DB01364
C034257	DB01927
D004206	DB00280
C007267	DB03800
C511282	DB02552
D014217	DB01361
D014212	DB00755
C088482	DB00706
C010846	DB01616
D020748	DB01388
D000068679	DB00879
C054940	DB00771
C038637	DB01014
C053539	DB00299
D004921	DB00016
C004518	DB01482
C438268	DB00569
C105417	DB00520
D004110	DB00343
D004113	DB00566
D013416	DB01581
D013411	DB00359
D013413	DB01299
D013418	DB01582
D013419	DB00576
D014325	DB03754
C029261	DB04325
D009530	DB00699
D001507	DB00394
D009536	DB02701
D009537	DB03227
D009538	DB00184
C021277	DB00665
C021270	DB01600
D001058	DB00714
D002955	DB00650
D014031	DB00684
C015087	DB01380
D000584	DB00594
D000583	DB00479
D015742	DB00818
D015741	DB02998
D010042	DB01092
D015031	DB04832
D015032	DB01593
D010868	DB01100
D010869	DB00960
D010866	DB00826
D010867	DB01856
C005396	DB01121
D010862	DB01085
D010197	DB01337
D009627	DB04821
D008972	DB01618
D015102	DB01702
C031942	DB00278
D015104	DB01509
C005248	DB04440
D011339	DB01032
C009549	DB03347
C023439	DB03385
C015173	DB00449
D008469	DB00939
D008468	DB00737
D005985	DB02536
D007612	DB01172
D008466	DB00888
D007616	DB01575
D008463	DB00643
D000676	DB01427
D000677	DB00276
D008914	DB00350
D008911	DB01017
C004860	|DB04267
C104457	DB01280
C065581	DB00212
D000069058	DB00862
D000069059	DB01076
C005731	DB00617
D015255	DB01177
D015251	DB00445
D007052	DB01050
D007291	DB04566
C028797	DB00733
D020105	DB00235
C047638	DB00346
D016677	DB01056
C011890	DB01759
D011803	DB00468
D011802	DB00908
D017275	DB00270
C006632	DB01169
D017273	DB00014
D000068836	DB00989
D019308	DB03796
D019301	DB04224
D005984	DB01437
D003975	DB00829
D003973	DB00271
C455861	DB00019
C427248	DB00374
C035287	DB01130
C000976	DB04425
D002512	DB00456
D013881	DB00679
D002515	DB01333
D002514	DB01139
C121345	DB00967
D013888	DB01623
C011674	DB01602
C011677	DB04812
D004961	DB01196
D003570	DB02431
C040029	DB00996
D004964	DB04420|DB04573
D004966	DB00286
D002229	DB02329
D002228	DB00578
D003606	DB00851
D019833	DB01645
C121905	DB01141
C016601	DB04468
D002220	DB00564
D010878	DB00319
D003609	DB00970
D017300	DB01338
D013311	DB00428
D017308	DB00749
C031385	DB04166
D005439	DB02266
D005438	DB02478|DB00687
D002354	DB00521
D005437	DB01099
D005436	DB00301
D064692	DB00424
C100230	DB01472
C100232	DB00913
C494474	DB03138
C024836	DB04417
D005182	DB03147
D013792	DB01041
D001623	DB00443
D000117	DB00141
D001629	DB01393
C406545	DB00082
C010969	DB01251
D019946	DB01839
D013420	DB01015
D013427	DB00891
D014331	DB00809
C022261	DB02137
C025946	DB04104
D003042	DB00907
C100342	DB00786
C495711	DB00159
D015119	DB00513
C061333	DB00413
C073482	DB03516
D000242	DB02527
C018599	DB04120
D000249	DB00131
D011739	DB00205
C080122	DB02207
D007464	DB04815
C004704	DB00924
C005386	DB00505
D008715	DB00134
D008713	DB00763
D008712	DB01603
D020913	DB00790
C025163	DB03313
D020910	DB00465
C446479	DB00303
D011223	DB01058
D011730	DB00147
D015311	DB00274
D015310	DB00229
D015313	DB01330
D011324	DB00794
D015649	DB00552
C028491	DB02202
D011224	DB00457
D005998	DB00145
D005999	DB02123
D005996	DB00727
C026411	DB02712
D019791	DB00536
D019793	DB00693
C038541	DB03535
D019798	DB02385
D011034	DB01179
C026098	DB11868
C003943	DB01484
C016986	DB00964
D015790	DB01328
D008874	DB00683
D012967	DB00815
D012968	DB01077
D007288	DB04335
D008879	DB00211
D011433	DB00571
D016685	DB00305
D000667	DB00415
C040349	DB02180
D008690	DB00931
D016666	DB00176
D017245	DB00529
D020001	DB02145
D008694	DB01577
C045645	DB01166
D020008	DB00705
C020549	DB04828
D005976	DB03266
C096323	DB00042
D005978	DB00143
D003907	DB01234
C017125	DB00639
D013943	DB02513
D013941	DB03462
C014347	DB01262
C014612	DB02740
D000068579	DB00482
C121358	DB04311
D002506	DB00567
D002507	DB00689
C027451	DB01828
C018100	DB02671
D004958	DB00783
D019804	DB00244
D003630	DB00694
D014529	DB02745
D019808	DB00678
C050739	DB00069
D064730	DB00380
D002720	DB01178
C001943	DB01629
D019800	DB03255
D002727	DB01131
C059205	DB00906
D017330	DB00409
C060219	DB01207
D017332	DB00341
C031000	DB02962
D017336	DB00455
D017338	DB00242
D019802	DB00139
D000069559	DB00873
D013307	DB01082
C054360	DB01415
C054368	DB04106
D000069557	DB00287
D013096	DB00127|DB02564
D002438	DB01329
D002439	DB00493
C041747	DB00507
D005422	DB01148
D002435	DB01326
D002437	DB01327
C471405	DB00398
D005424	DB01195
D002433	DB00833
D005601	DB00452
D008274	DB01378
C001833	DB03407
D008277	DB01377
D008278	DB00653
C100201	|DB00383
D014237	DB01021
D006886	DB01611
D009428	DB00955
D002230	DB00190
D002231	DB00389
C054745	DB01405
D000109	DB03128
D004177	DB04817
D004176	DB00975
D004174	DB01548
C015405	DB04098
D014307	DB04571
C105430	DB04179
D014309	DB00792
C013111	DB02235
D009277	DB13169
D009271	DB00704
C413685	DB00442
C003377	DB02224
D005283	DB00813
D005280	DB01288
C068250	DB02855
C053603	DB01996
C053090	DB00751
D010419	DB00738
D000074	DB01418
D000075	DB01614
C052555	DB01348
D000070	DB01193
C028913	DB03967
C025205	DB02365
D004394	DB00378
D013095	DB03566
D001073	DB01429
C012375	DB02951
D004009	DB00485
C105050	DB01079
D004005	DB01144
D004002	DB00720
D014011	DB00911
D010208	DB01113
D008012	DB00281
C076731	DB12286
D000255	DB00171
C103274	DB01155
D002434	DB01140
C057619	DB00222
D008704	DB00703
D003687	DB01708
D008701	DB04819
D008702	DB04833
D015122	DB01033
D020909	DB00284
D011319	DB01087
D011318	DB00750
C037938	DB03357
D000493	DB00437
D019782	DB00740
C004809	DB04714
C019323	DB01134
D000658	DB01060
D011794	DB04216
D000654	DB01351
D011796	DB01103
D001708	DB03886
D015016	DB01392
C008729	DB00991
C042041	|DB01776
D024483	DB00170
D020123	DB00877|DB02439
C084584	DB01608
C047781	DB00555
D008802	DB00948
D008801	DB00379
D015784	DB00195
C036468	DB02060
D001556	DB00431
C030852	DB00361
D017257	DB00178
D010096	DB01580
C006656	DB00719
C036604	DB00187
D008616	DB01365
C031143	DB01700
D000068816	DB00210
D005944	DB01296
D005947	DB02379
D002936	DB00568
D003913	DB01576
D003915	DB00514
D003916	DB01529
D003918	DB00509
D013936	DB04485
C049429	DB01334|DB01135
C038844	DB03025
C027667	DB01726
D016049	DB00900
D004949	DB01215
D013847	DB00372
D018817	DB01454
D019819	DB01222
D013840	DB01154
C106731	DB01997
D003622	DB00250
D018818	DB00800
D003620	DB01219
D019815	DB03902|DB02737
D010074	DB00621
D017328	DB00492
D006096	DB00027
C030521	DB02955
C017226	DB04400
D017323	DB00707
C006470	DB01352
C013908	DB02115
D010076	DB00842
D004837	DB00668
C041226	DB01162
D014223	DB00384
C010531	DB04310
D014229	DB00897
D018967	DB00734
C035133	DB00370
C061131	DB01153
C007297	DB03260
D003366	DB01284
C053562	DB01189
D045542	DB03205
C012987	DB02054
D008620	DB00371
D002710	DB00878
C084835	DB01462
C077073	DB00348
C024107	|DB03258
C073007	DB00710
C004981	|DB01952
D014311	DB00427
D014640	DB00512
D014641	DB02130
D001285	DB00572
D005703	DB00483
D005702	DB00674|DB02231
C033550	DB04132
D009266	DB00844
C035736	DB03553
D013442	DB01138
D009268	DB00779
D013444	DB00263
C024565	DB03733
C052018	DB01150
C059041	DB02860
C004651	DB04165
D005016	DB00311
D005013	DB00593
C013769	DB00896
C473478	DB01268
C105196	DB00109
D004491	DB01010
D004492	DB00974
C095108	DB00701
C095105	DB00307
D007444	DB00638
D010830	DB00981
D010837	DB01022
C023754	DB00697
D000635	DB01490
D009675	DB01051
C495469	|DB04066
C078456	DB00004
D008730	DB00553
D008733	DB01028
D008736	DB00232
D001664	DB02073
D010303	DB01421
C098189	DB03167
C032171	DB04066
D013806	DB00277
D008656	DB01357
D013805	DB01412
C005298	DB00892
C001293	DB02657
C005290	DB01428
D000628	DB01223
D001710	DB00121
D001712	DB00810
C476513	DB01002
D000622	DB00855
D009270	DB01183
D019772	DB01030
D014520	DB04827
D010546	DB00850
C009465	DB03864
D011761	DB03088
C084599	DB01559
D010852	DB00466
D000535	DB01370
D019818	DB00766
C031150	DB04343
C044642	|DB00902
C112666	DB00538
D016318	DB02999
C047681	DB01411
D016316	DB01018
D016642	DB01156
C067311	DB01248
D011162	DB02272
C001277	DB02424
D009921	DB00816
C049430	DB01226
D006157	|DB01972
D006153	DB04315
C060836	DB01132
D013148	DB00421
C035253	DB02024
C011685	DB00901
D002092	DB04250
C030517	DB04741
D013852	DB04572
D009070	DB04570
C071192	DB00494
C013915	DB01541
C055122	DB01083
D003561	DB00987
C038291	DB03866
C059896	DB00419
C067134	DB02502
C093622	DB00953
C101425	DB01263
D009388	DB01400
C046235	DB04459
D006221	DB01159|DB02330
C004858	DB01231
D014499	DB00791
D008795	DB00916
D019826	DB02659
C030190	DB02458
D012631	DB00418
D002746	DB00477
D002701	DB00446
D002707	DB00475
D005576	DB02587
D002747	DB00672
D005578	DB00828
D007792	DB00581
C084820	DB00392
C084826	DB01180
D019829	DB00238
C084825	DB01622
C034524	DB04688
D014508	DB03904
C078049	DB01044
D004155	DB01075
D014673	DB01339
C034347	DB00824
D001279	DB00732
C007333	DB01495
D009254	DB00607
C075375	DB00365
D000069439	DB01254
C033968	DB01425
C004649	DB00748
C068874	DB00293
D004028	DB00890
C046012	DB01919
D005000	DB00609
D008034	DB01627
D014560	DB01971
D004025	DB00804
C530840	DB04534
C098350	DB00460
D009661	DB00540
C022189	DB00909
C084178	DB00966
C012796	DB04381
D008728	DB01403
D008729	DB00723
D008727	DB00563
D008723	DB00474
D008721	DB00423
C028025	DB02285
C056814	DB00535
D020927	DB00633
C062765	DB00869
C062766	DB00616
C056493	DB00724
D008623	DB03345
C004357	DB01243
D007548	DB00883
D015474	DB00982
D007545	DB01064
D007544	DB01862
D010480	DB01074
D000638	DB01118
D000639	DB00321
D001728	DB00266
D000632	DB01424
C081309	DB01029
D012254	DB00811
D053243	DB00558
C036596	DB04794
D007099	DB00458
D015215	DB00495
D000525	DB00404
D000526	DB00866
D000527	DB00770
D008825	DB01110
D008535	DB00351
D011370	DB01123
D011374	DB00396
D012312	DB00867
D017239	DB01229
C032587	DB01250
D019342	DB03166
D019343	DB04272
D019344	DB04398
C026600	DB03222
C037663	DB00296
C029603	DB02181
C043958	DB02606
D003932	DB01452
D006145	DB01170
D006147	DB02377
D006140	DB00874
C017114	DB01535
D006143	DB00629
C009871	DB01146
C014481	DB01551
D017693	DB01390
D064098	DB00736
C106538	DB01048
D000082	DB00316
C010038	DB00548
D000069582	DB00402
D000069583	DB00230
D000069580	DB00905
C010920	DB02015
D013866	DB00352
D002066	DB01008
D064704	DB01137
D003647	DB04840
C030290	DB02175
C020731	DB01282
D000068698	DB00300
C040550	DB02383
C006696	DB01924
C005984	DB04789
C055139	DB00885
D000069348	DB01224
D000069349	DB00601
D004855	DB03515
D004857	DB02187
C017062	DB04581
D000068438	DB00484
C093875	DB00471
C006552	DB01852
D006569	DB04703
D000068437	DB00642
C108959	|DB04594
D005492	DB00158
C053541	DB01128
D014805	DB00115
D014801	DB00162
C079321	DB01537
D002117	DB00136
C100162	DB01063
D002112	DB00146
D002110	DB00201
D001462	DB01483
C046649	DB00268
C081643	DB13919
D002118	DB01373
D013467	DB00605
C034376	|DB04512
D014667	DB00067
D000068238	DB01046
D013469	DB00391
D001262	DB00335
C078903	DB04258
D009248	DB01203
D009243	DB01907|DB00157
D009241	DB00332
D054199	DB00852
C121677	DB01610
D005033	DB02967
D005032	DB01493
C088092	DB04725
D005036	DB01466
C012301	DB02852
D001398	DB00355
D001390	DB01061
C005618	DB01515
D010767	DB03945
C005617	DB01525
D004456	DB01057
D018170	DB00669
D000735	DB01536
C001505	DB04074
D008750	DB00968
D019438	DB00503
D008755	DB00353
C052035	DB00519
C104820	DB02044
C074031	DB01276
D010109	DB00935
D007559	DB00602
D019786	DB00789
C004691	DB01111
C047047	DB00248
D001735	DB04813
C015357	DB04045
D014047	DB00525
D010615	DB03783
D000655	DB00613
C034221	DB02232
D011217	DB01297
D004111	DB00985
D011419	DB02166
D008528	DB00784
D008525	DB00603
C489776	DB03616
D002217	DB00411
C437965	DB00275
D002065	DB00490
D012981	DB00464
C031136	DB03454
C006069	DB01071
D002981	DB01190
D011188	DB01345
D011189	DB00761
D005934	DB00040
D008898	DB01055
D000068756	DB00177
C049109	DB00425
D000068759	DB00983
D012431	DB01698
C076559	DB01102
C400223	DB04331
D012435	DB01752
C031590	DB02843
D012436	DB00118
D004999	DB01143
D004998	DB00965
C029899	DB03366
D003091	DB00803
D004997	DB00977
C035909	DB01675|
D003707	DB00618
C084555	DB00577
D017374	DB00715
C045575	|DB03594
D013693	DB00231
D013874	DB00599
D002077	DB00611
D017378	DB01796
D003078	DB01394
D003894	DB00035
D014221	DB00620
C003121	DB02663
D003891	DB01151
C467567	DB00480
D003899	DB00547
C060142	DB00731
C032801	DB00469
C014182	DB01399
D014271	DB00432
D014270	DB03226
D006591	DB01355
C034182	DB01750
C106389	DB00872
D005480	DB00712
D005484	DB04842
D005485	DB00499
D005486	DB03247
C024352	DB01073
D000068538	DB01126
D010293	DB01626
D003676	DB00746
D005557	DB03843
C008884	DB02076|
D004917	DB00199
D002108	DB00403
C081655	DB01863
C003330	DB00209
C417083	DB00022
D006919	DB00557
D006918	DB01005
C487779	DB01265
D014580	DB01586
D004737	DB00228
D000069347	DB00530
C101207	DB00496
D004049	DB00711
C077139	DB02021
D004280	DB00841
C001654	DB01892
C046894	|DB00354
C017967	DB04513
D014295	DB00440
D014294	DB01116
D014293	DB00347
C068329	DB00631
D014290	DB01214
D008294	DB00772
C061363	DB01208
D016572	DB00091
D014299	DB00726
C033696	DB01441
C065565	DB02055
C483858	DB04327
C089750	DB00315
C008216	DB03750
D004464	DB01127
D009643	DB01059
D009640	DB00717
C029178	|DB00735
D010118	DB00595
C051890	DB00762
D010972	DB02261
D010111	DB01192
D010113	DB03585
D010114	DB04823
D010115	DB00219
D017255	DB00459
D000616	DB00357
C057726	DB02105
C057728	DB04582
C059500	DB00760
C114556	DB00673
D017962	DB00132
D017963	DB00207
D017964	DB01167
C023768	DB01218
D015232	DB00917
D015230	DB02056
D007741	DB00598
D004126	DB01844
D011732	DB00114
C005795	DB04826
D011222	DB01588
D011736	DB00165
D007987	DB00644
C081222	DB00020
D007981	DB00854
D007980	DB01235
C067431	DB01006
D005839	DB00798
D000500	DB01431
C005087	DB04553
D018723	DB01019
C054920	DB00447
D011352	DB00387
C044181	DB02563
D053139	DB00198
C009091	DB03946
C027712	DB01353
D005905	DB01016
D005907	DB01120
C011301	DB00660
D013110	DB03203
D004984	DB00189
C011941	DB00486
D016293	DB00680
C414690	DB00700
D002261	DB04657
D003084	DB00375
D019258	DB01232
D019259	DB00709
D002308	DB03429
C066340	DB00323
C045742	DB01025
C086232	DB00559
D003065	|DB01992
C064276	DB00213
C031071	DB03838|DB03600
D003061	DB00318
D002040	DB01210
D002045	DB00297
D004221	DB00822
D002047	DB00921
C035359	DB03758
C030272	DB04299
D004226	DB01692
D004872	DB00153
D004008	DB00586
D004874	DB01253
D004875	DB04038
D002444	DB01112
D004878	DB00696
D002440	DB01331
D002443	DB01212
D002442	DB00438
D006160	DB04137
D003401	DB00148
C088658	DB00399
D014268	DB00831
D006585	DB00488
D006582	DB00756
D000069438	DB00973
C117268	DB00337
C086167	|DB01349
C121182	DB00031
C050296	|DB03656
D009582	DB00698
D012601	DB00747
C106266	DB00886
D001241	DB00945
D008194	DB00256
C100146	DB00662
C003321	DB01344
D013938	|DB01643
D008353	DB00742
D006000	DB02691
D004050	DB02520
D004053	DB00937
D004054	DB00255
C076946	DB00843
D014042	DB00839
D014043	DB00797
D014046	DB00500
C034550	DB02281
D014044	DB01124
C086827	DB00799
D004298	DB00988
D005050	DB00926
D014284	DB00279
D009355	DB00994
D006830	DB01275
D014282	DB00376
C004768	DB02129
D010630	DB00498
C004765	DB01701
D020682	DB00671
D008775	DB00959
D008774	DB00422
D018119	DB00649
D001115	DB04365
D000198	DB00919
C502411	DB04835
C029166	DB03052
C029617	DB01545
C005565	DB00663
D014196	DB00656
D008618	DB00849
D008619	DB00961
D008610	DB00825
C059514	DB02709
D008617	DB00532
D008614	DB00454
D009583	DB00336
C021976	DB02092
D007978	DB00848
D020849	DB00481
D012382	DB01301
C111046	DB02347
D007977	DB00504
C005419	DB01062
D011729	DB00545
D010633	DB00830
D010632	DB01620
D010634	DB01174
C090046	DB02116
D015738	DB00927
C032005	DB01677
C004945	DB00226
D015737	DB00401
C004940	DB03156
D008464	DB00657
C026013	DB01550
D015736	DB01023
D015735	DB00834
D005986	DB02263
C005090	DB04744
D010121	DB00107
C005095	DB03895
D017829	DB00889
D011343	DB00721
D011341	DB01599
D010129	DB02362
D011431	DB00647
D011344	DB01168
C037320	DB01506
C063449	DB00744
D000068718	DB01098
D016190	DB00958
D007190	DB00808
C067594	DB01091
D000404	DB01426
C018421	DB01201
D000409	|DB00160
D009963	DB02262
C043211	DB01136
D011239	DB00860
D000069603	DB00658
D000069605	DB00768
C020380	DB02531
C020891	DB04674
D012293	DB01045
C014477	DB00223
D012299	DB00478
D000069287	DB01101
D000069286	DB00188
C016212	DB02020
D004130	DB01488
D014530	DB03435
C010974	DB04539
D006024	DB00986
C107079	DB02950
D019817	DB03793
C038780	DB02406
D011342	DB01035
D017828	DB00615
C030796	DB02464
C005959	DB03817
C074619	DB00006|DB02351
D011346	DB00433
C041125	DB00881
D017485	DB03955
D000068736	DB00476
D000068737	DB01036
D000068882	DB01267
D011345	DB01039
C035144	DB01395
C047766	DB01408
C060343	DB00528
D003981	DB01119
C085665	DB00962
D014859	DB00682
D064750	DB01129
C120481	DB01410
C021148	DB01295
D002122	DB01164
D013498	DB04786
D013496	DB00870
D019888	DB00220
D013656	DB04348
D013654	DB01956
C013082	DB03229
C009819	|DB02237
D001589	DB00865
D004061	DB00861
D005048	DB01497
D014700	DB00661
D005040	DB00823
C012046	DB03699
C406224	DB00580
D005043	DB02854
C054852	DB01933
D005045	DB00292
D005047	DB00773
D000983	DB01435
C104727	DB00218
C085911	DB02656
D000961	DB00098
D005913	DB01067
C072042	DB00654
D008764	DB04183
D004400	DB00651
D018120	DB01216
D019469	DB00224
D014148	DB00302
D014147	DB00193
D007501	DB01592
D007505	DB00893
D010917	DB01604
C005553	DB00265|
D004317	DB00997
D004316	DB01142
D004315	DB00561
D001761	DB00290|DB02291
C004315	DB04816
D004319	DB00366
D004318	DB00254
D004087	DB00320
D001566	DB01086
C033019	DB01245
D009599	DB00325
D011530	DB00344
C029755	DB00868
C111237	DB02546
D010629	DB00914
D010626	DB02192
D010624	DB00780
D010622	DB03575
D010621	DB01438
D015725	DB00196
D015095	DB03644
D007213	DB00328
C473384	DB01283
C090450	DB01217
D000560	DB01163
D000561	DB01605
C043425	DB03701
D009966	DB01173
D010131	DB00233
C064925	DB00225
C000081	DB01447
C009250	DB01236
D017835	DB00716
D011405	DB01182
C115647	DB00216
D019386	DB00630
D011395	DB00420
D011398	DB01069
C029973	DB02317
C422649	DB01628
C008890	DB02557
C076029	DB00334
D011241	DB00635
D016567	DB00585
C036006	DB00776
D011718	DB00339
C089730	DB00412
C006149	DB00805
C032279	DB02746
D016700	DB01228
C055085	DB02300
D019271	DB04076
D019274	DB00083
C026733	DB01478
C039668	DB00546
C107241	DB04160
D017279	DB02345
C010833	DB02203
D003519	DB00979
D000068656	DB00764
D009020	DB00295
C040048	DB01880
D003511	DB03703
C011585	DB01188
D003868	DB04209
D011526	DB00785
C009927	DB04574
C045166	DB01158
D061466	DB01601
C065180	DB01095
C005461	|DB04822
C034930	DB00592
D002331	DB00583
D002330	DB00262
D013713	DB00444
C561123	DB04429
D004294	DB01184
C044946	DB00542
D003992	DB00527
C087566	DB01791
D013392	DB00364
D013827	DB00730
D013390	DB00202
D064747	DB00448
D013395	DB02772
C093230	DB00950
D016285	DB01088
D002939	DB00537
C101584	DB00565
C060590	DB00426
C013434	DB01511
D002937	DB00827
D008376	DB00934
D013629	DB00675
D000212	DB00787
C092292	DB00246
C053853	DB00954
D001599	DB04115
D001590	DB00245
D004077	DB00390
D004074	DB01396
C012058	DB01520
D005672	DB02703
C100294	DB01579
C022155	DB00239
D011441	DB00550
D008798	DB03518
D008797	DB01011
D017135	DB00304
D008793	DB01578
D008790	DB00264
D008152	DB00408
C090840	DB00969
C021280	DB01615
D007510	DB02095
C111420	DB01440
D010400	DB01053
D010389	DB01230
C008644	DB04214
D010431	DB00806
D003501	DB01176
C017985	DB00837
D009761	DB00646
D004097	DB01070
D004091	DB00327
D009569	DB00435
D009568	DB01054
D009567	DB01595
D061267	DB01306
D004098	DB01775
D000086	DB00819
C005308	DB01422
D010728	DB01819
C005430	DB01619
D010653	DB00812
C009135	DB01672
D010656	DB00388
C009131	DB03068
D005840	DB00406
D000225	DB00173
C119092	DB00560
D020889	DB01954
D020888	DB01080
C018539	DB01583
C015293	DB01446
D011413	DB00782
C073460	DB01066
C043345	DB01084
C008088	DB01436
D007472	DB01362
D015575	DB00778
D011899	DB00863
D015570	DB01321
D015377	DB01597
C002017	|DB04784
D015378	DB01598
C015121	DB00405
D000420	DB01001
C080985	DB03880
C032943	DB01336
C051752	DB01149
D011700	DB01917
D016576	DB04576
C031263	|DB03704
D016718	DB04557
C063008	DB00688
C027618	DB04493
D020156	DB00936
D019289	DB00119
C062843	DB00429
C031468	DB02577
D013012	DB01638
D013015	DB00489
D003520	DB00531
D003523	DB00260
C011597	DB04836
C031319	DB02486
C018691	DB03018
C074679	DB00234
D006118	DB00400
C022830	DB02342
C077990	DB03496
C479548	|DB04093
C084606	DB00754
C515050	DB01198
C045621	DB00491
C017341	DB03408
C471843	DB04751
D002328	DB00395
C060344	DB00757
D005444	DB04841
D005445	DB01544
D005446	DB00591
D005447	DB01047
D005442	DB01205
C030682	DB01957
C030686	DB02736
C038699	DB04619
C058254	DB01105
C105834	DB00702
C082598	DB00041
C041819	DB02699
D013831	DB00152
D002034	DB00887
D002927	DB00501
D005204	DB02509
C424423	DB01656
D001218	DB00168
C030358	DB03017
D014544	DB04005
D001960	DB01558
C120793	DB04014
D008090	DB00589
D008094	DB01356
C100063	DB00645
D005664	DB00614
D005665	DB00695
C034214	DB04604
C030544	DB01942
C013192	DB02178
C004554	DB02417
C057693	DB00197
D002738	DB00608
D008788	DB00524
D008784	DB00247
D008787	DB01233
D008148	DB00227
D008140	DB00186
C409045	DB00918
C021296	DB02249
C057580	DB03823
