rxnorm_cui 	 drugbank_ids with | as seperator  
3319	DB00271
1424911	DB08912
1494066	DB09031
10864	DB13179
8123	DB00780
1303098	DB08897
4845	DB01296
5933	DB05382
1091836	DB01656
42372	DB00410
8463	DB01179
8153	DB00692
19874	DB01353
7517	DB01059
1370971	DB04938
10184	DB00259
8727	DB00396
2890	DB01284
113608	DB02703
7909	DB09117
6901	DB00422
3339	DB00527
10510	DB01623
13369	DB09496
1440264	DB08878
33738	DB01132
24460	DB06689
8152	DB00191
1511	DB06698
2541	DB00501
857974	DB06335
11149	DB00067
623400	DB06218
18330	DB01169
6102	DB01575
11295	DB09145
67108	DB01225
7646	DB00338
1455099	DB09068
6308	DB00149
4169	DB08985
325887	DB01141
3829	DB09477
89013	DB01238
614373	DB01609
236809	DB01381
36118	DB00017
83818	DB01029
32698	DB00383
58939	DB00048
4488	DB00322
274332	DB00731
17652	DB00288
4083	DB00783
140480	DB00702
82122	DB01137
30077	DB01226
6387	DB00281
2582	DB01190
32638	DB00239
1546437	DB01344
593411	DB01261
22298	DB00298
9525	DB00936
612865	DB06273
31563	DB00716
21766	DB00265
114817	DB08806
140587	DB00482
25696	DB01645
1442981	DB09053
141440	DB09335
214342	DB00258
37925	DB01083
7704	DB00129
279645	DB00918
1606218	DB09102
68139	DB00728
2970	DB04838
4462	DB01047
195088	DB01601
25486	DB00789
40028	DB00029
3429	DB01070
155	DB01614
15996	DB00370
7258	DB00788
5495	DB00774
10207	DB00263
388084	DB00044
641465	DB06413
233603	DB04920
139896	DB00109
84959	DB06720|DB00053
1540825	DB09042
1357536	DB08895
9997	DB00421
11516	DB06410
342369	DB00480
7243	DB00704
46049	DB00088
59078	DB00660
5470	DB01275
28382	DB09236
55681	DB00896
6211	DB04465
43611	DB00654
1427088	DB08844
38386	DB02383
20220	DB00748
1489913	DB06262
38365	DB08811
23386	DB01146
3248	DB01078
237005	DB01227
25120	DB00180
72257	DB00068
2101	DB00395
1596	DB09020
62372	DB08818
10471	DB00372
6857	DB01028
115552	DB00685
20976	DB01303
32385	DB01250
49247	DB00204
37935	DB06764
8629	DB00457
229369	DB01764
10636	DB00500
1156	DB00023
816346	DB05351
6185	DB00598
60819	DB00006
51272	DB01224
658708	DB05311
25357	DB00066
70167	DB13144
19484	DB00612
8129	DB00914
3966	DB01364
10627	DB00684
1543543	DB05015
6058	DB00883
6623	DB06757
36685	DB09460
7396	DB00622
860178	DB00042
2420	DB08862
282388	DB00619
9947	DB00489
228833	DB00538
8160	DB00812
4118	DB00189
1232150	DB08885
1306284	DB09065
733003	DB06809
325642	DB00303
1371041	DB05773
1433212	DB08918
89784	DB01625
19552	DB01150
337523	DB04845
25480	DB00996
7779	DB00621
614391	DB01281
1544460	DB09054
484348	DB09539
805452	DB05332
18631	DB00207
2549	DB00568
11258	DB01022
2236	DB00456
121243	DB00582
194000	DB01101
1597381	DB09183
8183	DB00252
8698	DB01032
337623	DB00003
1482790	DB06290
135447	DB00843
33724	DB09090
8674	DB04825
4815	DB01016
25193	DB06623
234416	DB06792
214354	DB00796
3449	DB08801
2346	DB00291
4637	DB00674
1489914	DB09051
2183	DB01328
5509	DB09526
6378	DB00854
1441651	DB05098
42682	DB01077
235408	DB00628
84108	DB00412
8004	DB00312
7833	DB00233
6980	DB01017
9641	DB11135
221147	DB09287
402316	DB00419
47618	DB00326
237162	DB09214
5307	DB08957
29170	DB09281
236650	DB08970
6676	DB00737
83682	DB01066
35302	DB00877
6902	DB00959
25096	DB08974
3444	DB00985
3098	DB00851
7440	DB01595
228783	DB00998
853491	DB06168
8175	DB00397
6813	DB00333
6851	DB00563
91311	DB00223
6932	DB01110
37617	DB01606
3008	DB00091
7247	DB06711
17767	DB00381
31914	DB00906
11413	DB00495
6468	DB00836
1551291	DB09045
341018	DB00362
56946	DB01229
2019	DB00190
5514	DB00200
274771	DB01280
2177	DB01140
9478	DB00778
3743	DB01127
36709	DB09449
4440	DB01148
6066	DB08941
641	DB00479
9518	DB08797
228476	DB01044
6860	DB00232
1597876	DB09035
6142	DB01009
73689	DB04854
283821	DB00049
8134	DB01174
161	DB00316
3521	DB00975
1425099	DB08911
753340	DB00360
38260	DB09070
50610	DB00014
239	DB11617
1373478	DB08908
1491625	DB09046
49737	DB00187
1300701	DB04871
5833	DB13178
642274	DB01256
9601	DB00747
343047	DB01072
1546451	DB09133
107044	DB00098
24909	DB09146
23043	DB06781
1908	DB11126
8091	DB11058
591622	DB01273
24609	DB08983
3384	DB00711
6918	DB00264
89778	DB01057
1311504	DB01370
9800	DB09142
8076	DB00850
34905	DB00807
40169	DB00680
3920	DB00228
25789	DB00222
134547	DB06769
72302	DB00268
3752	DB01010
6033	DB00167
4850	DB01914|DB09341
3714	DB00651
4601	DB00614
8766	DB01608
10633	DB00839
47628	DB11348
258347	DB08818
2578	DB00283
10827	DB00347
1325	DB01483
272758	DB06784
3353	DB01144
40114	DB01018
1399	DB01086
10205	DB01138
119565	DB01036
10328	DB09372
81647	DB06819
72962	DB01248
10109	DB01082
29275	DB09238
236770	DB09295
386938	DB00066
1147220	DB08881
4508	DB00499
20875	DB01243
32613	DB00991
27781	DB09156
1029	DB07402
6718	DB01042
57230	DB01133
2447	DB01432
260101	DB00198
7839	DB09352
6130	DB01221
10735	DB09283
33309	DB00832
21183	DB04272
2599	DB00575
62356	DB00158
42627	DB03619
139462	DB00218
1543095	DB11607
25037	DB00535
134615	DB00484
1364479	DB08827
10582	DB00451
7910	DB01384
2622	DB01559
6664	DB00579
6845	DB00423
6821	DB00940
6822	DB04819
7238	DB00844
861634	DB08860
10173	DB01299
475969	DB06414
5650	DB01177
831503	DB09222
7052	DB00295
54552	DB00790
1492727	DB05676
5032	DB00874
15657	DB01262
719872	DB06817
27792	DB09134
620	DB00915
709271	DB08904
8787	DB00571
7514	DB00717
3254	DB01260
318	DB00171
2592	DB00845
60548	DB01276
150596	DB09131
302379	DB00043
1649480	DB09083
261435	DB09517
400008	DB01309
20859	DB01161
3626	DB01184
42955	DB00583
13982	DB03604
349908	DB06724
10318	DB00382
3368	DB00890
588250	DB04896
83367	DB01076
8516	DB09287
276237	DB00879
6475	DB00408
5657	DB01181
135775	DB00315
1311524	DB00168
7069	DB04570
10689	DB00193
9068	DB00908
53692	DB06712
597	DB00866
10223	DB09353
6375	DB01235
19959	DB09488
2187	DB01330
19551	DB00885
173	DB00414
57257	DB09091
8150	DB00946
10634	DB00797
2907	DB00148
9793	DB05245
42355	DB00176
1442132	DB08932
42319	DB00585
7806	DB09140
498509	DB04895
1484911	DB08934
5882	DB00033
2023	DB04339
73032	DB00899
10464	DB01154
1594675	DB09162
8703	DB01039
677	DB00357
7242	DB01183
299582	DB00103
4550	DB00828
1364430	DB06605
6852	DB01403
18346	DB09274
30131	DB00691
202912	DB00011
1086769	DB06684
10378	DB00894
36435	DB01153
42405	DB00075
6646	DB00934
337525	DB00530
787390	DB06204
3105	DB01219
1897	DB06724
40254	DB00313
5036	DB01170
477631	DB00237
235481	DB06773
1546059	DB09080
5992	DB00893
6837	DB00134
1111103	DB08874
61381	DB00334
39998	DB00909
19044	DB00676
10898	DB00150
4077	DB01215
1952	DB01744
23370	DB01231
1311089	DB04932
384455	DB00560
298665	DB06802
9624	DB00418
21877	DB09000
258494	DB00990
5966	DB08947
1364468	DB08900
3022	DB00847
7442	DB00435
1037042	DB06695
115264	DB00710
616739	DB05271
591781	DB01257
105695	DB00016
7435	DB00401
10591	DB01607
14845	DB00964
183379	DB00989
30009	DB00491
2020	DB00389
10106	DB00086
53750	DB06804
5021	DB00400
1992	DB06774
1418	DB09096
2410	DB00356
7773	DB00713
2408	DB09093
72937	DB00323
1482913	DB09161
78903	DB00314
10498	DB01622
7778	DB01096
1713	DB00042
72610	DB00197
6805	DB00610
7233	DB00607
10502	DB00679
40660	DB09088
77655	DB00399
34693	DB01839
102846	DB08962
4496	DB00623
89886	DB11603
23024	DB01501
19478	DB01294
283753	DB00556
6916	DB00524
7617	DB00104
48937	DB00633
1157	DB00174
8737	DB00172
33764	DB11616
235379	DB00085
28981	DB00447
27793	DB09135
5880	DB00105
73645	DB00577
3024	DB00151
448	DB00898
8133	DB00830
6750	DB00825
6812	DB00931
42954	DB00165
155080	DB06709
1841	DB00611
68149	DB00688
35617	DB01201
8345	DB09350
10178	DB01582
1307298	DB08899
7244	DB00984
168	DB03166
17145	DB00600
6023	DB00221
82819	DB00659
7816	DB03585
7818	DB00219
10324	DB00675
68092	DB06791
1009	DB11598
114970	DB00549
1256	DB00993
1760	DB01200
40450	DB11364
139953	DB01278
8825	DB09141
9010	DB00205
746741	DB00413
1598	DB00266
3292	DB00509
280611	DB09258
236303	DB08835
1808	DB00887
480639	DB06274
108088	DB00240
21232	DB00771
32937	DB00715
1895	DB01373
7895	DB01113
67182	DB08792
8627	DB01588
6674	DB00888
29899	DB06800
214824	DB00658
1304974	DB08887
9384	DB01045
352372	DB06701
42736	DB00380
46307	DB01025
1601374	DB09073
6765	DB06823
28889	DB00455
9000	DB00545
4331	DB00573
56443	DB09395
8132	DB01620
358262	DB01319
430	DB00518
1546438	DB00986
9913	DB00464
4110	DB00330
29439	DB00253
5464	DB00070
1040005	DB06590
692620	DB00743
4444	DB08976
349730	DB01914
18993	DB00868
83395	DB01232
31805	DB00665
337068	DB00992
28872	DB00978
1148138	DB06196
1588	DB00121
2449	DB00122
31994	DB00957
9945	DB01638
6853	DB00723
18880	DB09022
6373	DB00367
214817	DB06760
16735	DB01063
3363	DB00943
3389	DB00937
2626	DB00363
2192	DB01332
6823	DB04833
631657	DB00030
8638	DB00860
2977	DB01176
47461	DB01091
27244	DB11602
6585	DB00653
2051	DB00429
528	DB01430
627	DB01605
3616	DB00841
38323	DB09536
1094833	DB06186
136198	DB00496
3154	DB00618
8332	DB00960
357977	DB01268
8120	DB01438
10962	DB00135
683	DB00855
2551	DB00537
55672	DB00615
3423	DB00327
1364504	DB08903
8702	DB01168
1364105	DB06663
6760	DB00371
72236	DB01320
4452	DB00687
1291301	DB06237
42987	DB09490
30125	DB00745
38454	DB00519
3638	DB01142
10437	DB01412
26422	DB00793
2473	DB09301
7980	DB01053
10524	DB00156
525	DB01431
7455	DB00336
38221	DB04900
473837	DB06402
10759	DB00620
7315	DB01400
6745	DB00032
1424174	DB08913
3041	DB00987
6694	DB00358
132889	DB06707
7821	DB00595
10869	DB00809
155122	DB04824
68147	DB00050
2011	DB09012
11256	DB00163
71535	DB01339
6779	DB00933
4134	DB00392
7407	DB00184
1514	DB00443
33431	DB09209
18867	DB00542
1356552	DB08883
26397	DB06696
4089	DB01196
10849	DB00427
10193	DB06147
1248798	DB08894
28031	DB01167
1439816	DB08931
588003	DB00939
353110	DB06692
62349	DB00903
2037	DB11588
3992	DB00668
7299	DB00994
114477	DB01202
6446	DB00589
435	DB01001
1425	DB09084
3304	DB01452
164	DB03166
40003	DB09225
47181	DB09275
19884	DB00639
541	DB05258
41996	DB06144
253166	DB09317
24605	DB00749
73178	DB04946
1309250	DB09567
9671	DB00133
40138	DB01088
5487	DB00999
742	DB01612
36567	DB00641
48203	DB00766
5093	DB00502
1311560	DB13116
7880	DB00085
10798	DB06824
5856	DB00030
5775	DB09374
7688	DB00816
25483	DB00597
1484283	DB09146
27863	DB09136
108118	DB00764
59763	DB00649
1272	DB00355
11476	DB01133
689	DB01223
11194	DB00194
7019	DB01618
5175	DB03404
10395	DB00759
23684	DB06751
39385	DB11621
73056	DB00884
10473	DB04572
6832	DB06799
3755	DB00974
644101	DB01271
1431738	DB08886
5296	DB00488
8156	DB00120
1294580	DB00056
263034	DB01269
272	DB09278
274964	DB01410
1488818	DB09138
5492	DB00741
1011650	DB09208
32626	DB04822
2596	DB00882
7975	DB00859
73710	DB00910
253174	DB10989
153970	DB00424
38655	DB08814
1552337	DB09048
1291	DB00626
7891	DB01783
6377	DB06793
1523	DB00217
1607976	DB09147
7597	DB00646
1815	DB00297
3290	DB01529
4025	DB00696
4166	DB01466
594680	DB00632
662281	DB04868
221109	DB00071
535	DB00058
4135	DB00593
7454	DB00698
41126	DB00588
9143	DB00863
74667	DB00962
1539239	DB06219
4919	DB00145
1243041	DB08820
42330	DB00342
6927	DB00948
8536	DB00781
62400	DB01783
37798	DB01162
194	DB03128
1767	DB00835
10805	DB00508
121191	DB00073
640062	DB06213
4278	DB00927
4719	DB01241
25025	DB01216
67031	DB08813
120608	DB00008
1424	DB00245
18747	DB01014
7814	DB01192
36721	DB09472
19666	DB04899
25793	DB01251
6628	DB00742
5784	DB08950
7883	DB01337
29787	DB09543
6926	DB00379
5879	DB00034
24524	DB01545
259351	DB00103
33199	DB04930
719	DB01351
1592257	DB11256
39684	DB00751
739	DB00276
3498	DB01075
4493	DB00472
461016	DB00402
25544	DB05260
62427	DB01586
8351	DB09210
8259	DB09394
27901	DB08943
29365	DB02300
6470	DB00186
1482680	DB08933
228656	DB00701
7676	DB11130
1242999	DB06626
60307	DB00494
4507	DB04842
253337	DB00112
25112	DB08972
2921	DB01003
33253	DB01121
3361	DB00804
3255	DB00547
4491	DB00324
3637	DB00561
10154	DB00202
5553	DB00557
4328	DB00574
1045453	DB08871
4778	DB00406
1547545	DB09037
3108	DB00250
20486	DB00923
10917	DB01199
2180	DB01327
23410	DB00449
2396	DB00880
42333	DB01157
797541	DB02325
21249	DB00838
233698	DB04855
662019	DB06813
1040028	DB08815
2238	DB01139
10767	DB00897
4171	DB08987
11289	DB00682
28012	DB08802
18343	DB06697
5140	DB09155
41208	DB00596
306266	DB00442
59943	DB00724
37255	DB00139
8352	DB00670
39993	DB00425
7441	DB01054
27403	DB08954
7993	DB00183
37665	DB09164
8794	DB00550
2191	DB00438
10737	DB00656
8149	DB00925
8013	DB00806
2356	DB00475
21009	DB09129
114979	DB01129
592464	DB09009
57330	DB07615
19257	DB01019
9061	DB01103
35829	DB00243
70161	DB05386
154	DB01418
2567	DB00155
57308	DB01030
187832	DB00230
31555	DB04861
8742	DB00420
9071	DB00468
41144	DB00225
70602	DB00142
33742	DB01338
897018	DB06637
18687	DB01602
290	DB00173
1894	DB00136
11423	DB09321
8050	DB01074
20492	DB01415
73044	DB00912
860168	DB00083
2178	DB01326
53654	DB00238
475230	DB06699
712566	DB06650
74671	DB09067
31565	DB01149
23405	DB01491
3288	DB01576
114176	DB01624
325526	DB01404
1001	DB01435
1520	DB00195
1373458	DB08907
10612	DB00911
10826	DB09069
20063	DB09311
50166	DB00492
25734	DB06730
18516	DB01574
10472	DB11590
2403	DB00477
155046	DB00686
8754	DB01182
84990	DB06703
772	DB05099
149	DB01193
4821	DB01067
4494	DB01185
16728	DB00551
6754	DB00454
6847	DB00474
1043	DB00714
8331	DB01100
5928	DB08948
2354	DB08936
52151	DB06794
4125	DB00965
196239	DB00293
190353	DB00111
38782	DB06825
235479	DB09100
87636	DB00950
117466	DB00300
2002	DB00564
29528	DB01071
1307106	DB00139
57021	DB06149
4024	DB01049
2837	DB09130
569	DB06243
27392	DB11699
35296	DB00178
997261	DB06688
55685	DB00884
1889	DB00146
326374	DB06713
314636	DB03843
11196	DB09185
1000082	DB06766
7337	DB00955
578033	DB01279
877510	DB06176
8792	DB06714
1535922	DB05578
7418	DB04552
12574	DB00441
2550	DB00827
596205	DB00980
7222	DB00157
35780	DB00296
10580	DB09421
253182	DB00030
2708	DB01111
4495	DB00875
34132	DB00059
8948	DB11601
712	DB06767
24867	DB01550
596	DB00404
10368	DB00871
2393	DB00608
278567	DB00580
612937	DB00018
59744	DB00069
307296	DB01628
1753	DB09019
5011	DB00027
49626	DB04880
19008	DB00562
278739	DB00082
4463	DB08971
1592254	DB04951
56466	DB09154
10795	DB08604
38252	DB09289
4053	DB00199
4903	DB01437
1314351	DB13155
5640	DB01050
8299	DB00981
42375	DB00007
6581	DB09104
37801	DB00857
26225	DB00904
28908	DB09212
266604	DB00765
283809	DB00287
8886	DB00344
6678	DB00939
10450	DB00730
1603350	DB06603
5095	DB01159
85762	DB00503
34345	DB00733
20489	DB01416
21212	DB01211
8704	DB00433
4256	DB00036
26744	DB05276
4388	DB05254
17300	DB00346
21247	DB09004
4327	DB08980
753346	DB01266
8246	DB11133
33272	DB01579
1546356	DB06695
1546354	DB09110
1538097	DB09033
6513	DB00256
1293254	DB04897
5967	DB08946
1424884	DB09082
358255	DB00673
8987	DB00339
3554	DB00822
7023	DB09282
480	DB00802
139778	DB01079
1298944	DB06366
83515	DB00876
1437	DB04115
35827	DB00465
714438	DB06589
22293	DB04816
5653	DB00249
8348	DB01621
42347	DB01156
7984	DB00417
2555	DB00515
52175	DB00678
33290	DB03255
877015	DB11596
7393	DB00627
3445	DB06782
6757	DB00532
4459	DB04841
9991	DB06145
29155	DB09481
1310520	DB08880
1147320	DB08870
42543	DB00128
4458	DB00663
83929	DB00054
32639	DB11610
10390	DB04844
3143	DB01708
75635	DB00063
228790	DB01126
262150	DB01592
29998	DB08888
3118	DB04840
27169	DB01097
301739	DB00106
20498	DB04846
44281	DB00185
10493	DB00599
1266	DB01061
83171	DB00369
28627	DB01106
8785	DB00647
262100	DB04834
22299	DB00080
11473	DB00282
343048	DB00374
1358207	DB09138
1534763	DB09043
35825	DB06785
4890	DB00143
3478	DB00917
6782	DB01357
42331	DB00929
1312397	DB08896
73137	DB00775
1547220	DB09039
89808	DB01494
12062	DB01436
194337	DB02546
10169	DB00634
816249	DB09111
31476	DB00735
275635	DB00967
8356	DB00554
302285	DB00872
152610	DB09261
35619	DB01220
1112990	DB04953
61148	DB00052
235496	DB09449
33739	DB09286
49276	DB00590
1148495	DB08865
5489	DB00956
298869	DB00700
11002	DB03904
227518	DB00066
618970	DB09015
38404	DB00273
3002	DB00531
140502	DB09103
10454	DB00152
19860	DB00241
57048	DB02638
22701	DB09357
39954	DB09322
11198	DB00570
7804	DB00497
18751	DB01408
4099	DB00286
4501	DB00690
8814	DB01240
6536	DB00123
6673	DB00657
60842	DB00234
27729	DB01249
25255	DB00983
3100	DB00970
69120	DB01409
7405	DB02701
88014	DB00953
283548	DB09278
4492	DB00544
2625	DB01147
87866	DB00407
11115	DB00161
10996	DB00791
33283	DB01619
9627	DB00021
23678	DB00858
6923	DB01011
1825	DB06719
39841	DB06694
1597371	DB09296
134748	DB01367
704	DB00321
32894	DB00617
21116	DB03852
50675	DB00536
14851	DB01080
6099	DB01172
37319	DB06820
1819	DB00921
1100699	DB08882
10800	DB00831
236778	DB00209
657797	DB06287
620216	DB04835
15226	DB01213
1597582	DB09074
68099	DB00426
474128	DB01265
281	DB00787
14584	DB00294
596554	DB04876
1440856	DB02659
6448	DB01356
7715	DB01173
8130	DB00498
22656	DB00304
4678	DB01004
10865	DB03754
68442	DB00099
10256	DB04786
233272	DB00307
1114195	DB06228
191831	DB00065
8700	DB01035
21102	DB01340
865	DB08799
711942	DB06210
10803	DB00432
17933	DB00913
6984	DB00350
55018	DB09414
35255	DB00604
2418	DB00169
37418	DB00669
5340	DB00117
695	DB01424
4582	DB09256
2409	DB00310
114289	DB00224
8591	DB00761
9002	DB00147
1025342	DB11256
1309342	DB00071
31435	DB00385
1426874	DB08824
1292	DB00181
2670	DB00318
25138	DB00693
9524	DB00795
738	DB01427
36387	DB11365
69634	DB00020
4179	DB00773
354770	DB00108
35465	DB11597
1597258	DB09052
53694	DB04743
32592	DB00526
237057	DB00001
4333	DB01288
9009	DB06691
27340	DB01189
2116	DB00521
4500	DB00846
7417	DB01115
1091	DB00125
1998	DB01197
1307404	DB08890
10180	DB01015
2404	DB00672
236381	DB09113
214549	DB09381
9894	DB09112
24272	DB08990
6995	DB06810
1828	DB01008
321064	DB00275
75917	DB00060
5531	DB09106
37578	DB09459
6606	DB00772
1191	DB00945
10255	DB00870
115238	DB00102
6574	DB01378
135056	DB00528
1356	DB11600
68091	DB00757
3628	DB00988
22892	DB01495
39879	DB09227
1535457	DB09063
1102270	DB08864
8163	DB00388
41127	DB01095
237099	DB00163
1005921	DB08867
140108	DB00520
8640	DB00635
75960	DB09259
480167	DB01259
1599276	DB11104
2653	DB00907
22968	DB09123
2188	DB00229
270	DB00919
6398	DB01627
42322	DB04576
1388	DB00431
2540	DB01597
618365	DB09318
8462	DB09094
1999	DB00411
22396	DB11921
4136	DB00754
376	DB01285
10828	DB01116
105694	DB00016
1193326	DB08877
1102261	DB05521
29648	DB00902
8410	DB00009
784	DB01536
7960	DB00487
19790	DB09017
134527	DB00220
3247	DB01151
19831	DB01222
1483575	DB04335
21254	DB04837
729596	DB09107
1056	DB06692
1589	DB00810
50749	DB01218
4337	DB00813
4319	DB00093
89959	DB00144
3541	DB00280
5981	DB04818
3995	DB00445
10167	DB09324
232158	DB00533
25806	DB13142
28439	DB00555
24441	DB08986
36453	DB01236
2105	DB00262
51428	DB01306
314784	DB04824
358274	DB06403
6146	DB00920
1749	DB01558
6759	DB00961
24305	DB05057
847083	DB05679
42316	DB00864
4103	DB00655
4980	DB09121
10114	DB00428
59768	DB00061
2709	DB00803
46967	DB06761
83719	DB00365
20481	DB01413
10237	DB00605
1423270	DB09397
1092437	DB08879
20352	DB01136
3001	DB00979
67109	DB06779
30257	DB09242
10179	DB00576
703	DB01118
44151	DB00631
338817	DB00103
84857	DB01217
3322	DB00829
619693	DB06614
36345	DB00971
19079	DB00895
6835	DB00763
83816	DB00705
27291	DB00840
33767	DB01291
10379	DB00624
45938	DB08925
692863	DB09537
1367839	DB05528
460132	DB01264
734064	DB06700
40001	DB01198
6904	DB06710
20610	DB00341
7824	DB00107
59094	DB08999
31447	DB00486
352374	DB00055
8010	DB05630
7145	DB01024
8686	DB00750
392509	DB00090
4917	DB00727
3251	DB00035
1242127	DB08898
59839	DB00299
6883	DB00353
1591922	DB09027
253453	DB00022
11170	DB00661
183875	DB08968
83947	DB00799
10188	DB00891
61805	DB00348
8347	DB00236
8723	DB01123
1422	DB00865
1227	DB00995
83213	DB01388
8718	DB00387
21216	DB00766
11204	DB00309
259453	DB01002
5333	DB05381
10176	DB01581
993449	DB06643
629565	DB01272
258326	DB01323
4556	DB00452
8113	DB03783
6816	DB01577
9346	DB00140
52364	DB01397
68446	DB00642
24608	DB08984
10561	DB09205
197	DB06151
475968	DB06655
1169	DB00128
37771	DB01405
68244	DB00709
23437	DB00954
1433868	DB08930
19295	DB04794
3403	DB01396
10171	DB00359
10323	DB09511
90176	DB01592
41493	DB00814
594	DB13160
18997	DB01878
81971	DB09015
28656	DB00666
3706	DB00378
6054	DB01064
1369	DB00436
401713	DB06775
52582	DB00244
29151	DB08938
802624	DB08884
103	DB01033
2034	DB09157
9260	DB00206
4177	DB00292
358257	DB06212
11636	DB01395
1202	DB00335
10829	DB00440
847728	DB06708
1598641	DB09047
77492	DB00706
7394	DB04820
6218	DB00581
8372	DB01604
10402	DB00470
6370	DB00504
10600	DB00373
220982	DB01392
2597	DB01242
279950	DB08439
725	DB00182
722	DB00543
632	DB00305
1100072	DB05812
613391	DB06209
4021	DB01253
194279	DB00110
83008	DB01128
7476	DB00325
5084	DB06786
42463	DB00175
5224	DB01109
1487514	DB09076
519	DB00437
73494	DB00966
282428	DB01583
968170	DB06811
39786	DB00285
6915	DB01233
2015	DB00578
9863	DB09153
114934	DB11095
1362737	DB09502
24591	DB00823
1546408	DB06826
31448	DB00461
3634	DB09167
732	DB00681
69722	DB00558
28894	DB00186
8339	DB00319
72625	DB00476
35636	DB00734
6963	DB00211
1547611	DB04911
11202	DB00541
38298	DB01007
2556	DB00215
141704	DB01590
9386	DB00478
194881	DB01194
1366567	DB08902
6472	DB00227
6711	DB01065
119771	DB06211
2683	DB01394
7531	DB00540
4460	DB01544
1512	DB06756
7398	DB00699
6876	DB00968
1368001	DB06203
6922	DB00916
296	DB00640
1307619	DB06616
304962	DB01274
7623	DB01165
1000104	DB00083
69036	DB06201
4018	DB00153
7994	DB00738
3131	DB00746
733	DB00415
3268	DB01191
10691	DB00302
10635	DB01124
723	DB01060
475342	DB01254
21949	DB00924
6854	DB00553
224905	DB00072
21241	DB00349
1595589	DB09561
76895	DB00015
6774	DB09338
2382	DB01131
10030	DB11092
4816	DB01120
306674	DB00862
7268	DB00826
3455	DB01093
5521	DB01611
10819	DB09089
34530	DB01366
1547099	DB09034
2233	DB09008
8001	DB00652
2239	DB01333
1525	DB01393
5552	DB01005
42612	DB01003
4603	DB00695
12449	DB08964
1535218	DB09036
7226	DB01203
4385	DB09222
35623	DB00740
26296	DB00226
7966	DB01230
5033	DB00629
3364	DB00900
36437	DB01104
4885	DB00130
4502	DB00712
720825	DB06207
18603	DB00972
616877	DB01277
10772	DB01021
2189	DB01331
1546168	DB09122
59161	DB05041
328134	DB00317
236594	DB00681
38400	DB00289
6038	DB00951
18600	DB00719
19768	DB09018
6809	DB00331
411	DB09337
819911	DB06771
2601	DB09218
5293	DB00756
231049	DB00216
8565	DB01324
1370460	DB00126
2406	DB01239
21107	DB01166
10753	DB00755
6719	DB01043
4124	DB00977
623033	DB01046
76887	DB09097
2194	DB01112
3435	DB09115
6758	DB00849
7426	DB00393
42635	DB09255
1436	DB01244
3102	DB01406
1223	DB00572
196102	DB00074
6371	DB00848
32624	DB00776
47579	DB00248
237027	DB00873
2623	DB00257
34347	DB09345
10763	DB00384
31748	DB09220
1251	DB00928
1310594	DB09287
18469	DB01208
11055	DB00013
227239	DB00179
274786	DB00976
1592737	DB09079
1901	DB01164
18889	DB00892
8340	DB00592
5942	DB04815
8308	DB01022
356988	DB00095
16521	DB00718
237159	DB13139
8011	DB00552
32675	DB01062
358258	DB00188
860189	DB00083
69528	DB09260
24698	DB01073
19685	DB01158
20890	DB06725
4301	DB11133
22033	DB00606
10355	DB00231
3327	DB01119
11124	DB00512
1151	DB00126
8597	DB06715
7973	DB01359
974779	DB08935
3272	DB11122
5691	DB00458
10579	DB00024
8761	DB00782
8588	DB01345
37776	DB00853
26412	DB00801
232539	DB06415
6572	DB06795
6873	DB11228
327361	DB00051
10032	DB06718
2397	DB00269
1622	DB00290
6466	DB01206
35208	DB00881
51296	DB09081
1886	DB00201
828682	DB06716
45045	DB09495
594119	DB04895
190521	DB01048
3264	DB01234
314504	DB13151
1054	DB01429
99	DB00513
5031	DB11359
4832	DB00040
1599788	DB09029
3355	DB00586
1441386	DB06401
60223	DB00210
24812	DB00949
70223	DB00041
4127	DB00609
6964	DB00834
72435	DB00026
94	DB02959
39541	DB00361
37806	DB00251
85248	DB00969
2186	DB00493
36117	DB00938
195085	DB00625
38409	DB00539
6026	DB00753
6313	DB00650
27712	DB09344
2182	DB00274
1433693	DB08917
6878	DB09241
5542	DB06789
229367	DB01369
259282	DB09315
2353	DB00628
3226	DB04209
4162	DB01493
3007	DB00260
28863	DB04948
11645	DB08826
5301	DB08958
91603	DB11604
1537034	DB09030
4511	DB00158
3407	DB00390
30121	DB01171
17128	DB00448
301542	DB01098
283838	DB00012
1440051	DB09265
6084	DB01321
1817	DB08808
996051	DB06772
6069	DB00602
3640	DB00254
274783	DB00047
495881	DB00398
3523	DB04817
59636	DB00354
141626	DB00930
3639	DB00997
161203	DB01615
10594	DB00208
3390	DB00255
46041	DB00630
28144	DB01084
214555	DB00005
33562	DB00529
73107	DB00922
3648	DB00450
3418	DB00320
4530	DB03843
1539753	DB09040
19499	DB00901
9873	DB09325
283810	DB00905
6756	DB01365
325646	DB09026
27100	DB04865
6064	DB00982
33910	DB00270
31819	DB00507
684879	DB00165
32022	DB01486
423	DB01426
9639	DB01037
8611	DB06812
25033	DB00671
6929	DB06148
6579	DB09407
81864	DB00523
141366	DB00952
797195	DB06702
4335	DB08979
72965	DB01006
3500	DB01081
282446	DB01263
60207	DB00869
190548	DB00932
1364347	DB08901
29046	DB00722
1091643	DB08822
1603296	DB09078
60212	DB01117
3109	DB00694
9392	DB00867
1427222	DB05829
214470	DB00004
3036	DB00138
10734	DB00752
20861	DB08800
2598	DB01068
318341	DB00002
1712	DB00083
3925	DB00467
8745	DB01069
21090	DB01188
2348	DB00446
5956	DB01362
1364449	DB04941
29418	DB13092
2399	DB00856
3642	DB00366
341248	DB00973
38085	DB11582
27946	DB06706
37790	DB00469
9899	DB09072
797752	DB11627
1599538	DB09075
11248	DB00115
9949	DB09422
6048	DB13156
107771	DB00944
4448	DB00301
36108	DB01399
88249	DB00471
42328	DB00637
1545653	DB09038
1244607	DB08819
1242806	DB05013
19605	DB08807
1430438	DB08916
625	DB06742
596724	DB00261
7813	DB06412
1302966	DB08889
10172	DB06150
107770	DB04843
8782	DB00818
4126	DB01143
68503	DB06283
38668	DB01108
34369	DB01130
1495153	DB13168
5690	DB01598
8047	DB01186
7801	DB01580
1314420	DB12176
75207	DB00559
35350	DB00409
20881	DB09007
16818	DB00459
190376	DB00601
3392	DB09095
10847	DB00792
322167	DB01591
274403	DB01277
196319	DB00039
5781	DB00328
2580	DB01407
1000492	DB02709
38377	DB09216
2193	DB01212
1116632	DB08816
40790	DB00213
3350	DB00720
4910	DB09462
356887	DB06282
598	DB00770
56795	DB00708
1044584	DB08869
1112973	DB06681
115698	DB00246
9344	DB00811
10824	DB01214
36908	DB01348
1369713	DB08910
2685	DB00375
1813	DB01210
10391	DB09085
6814	DB01433
135391	DB00768
56570	DB09098
4441	DB01195
52769	DB00235
69749	DB00177
3489	DB08995
23744	DB00645
3289	DB00514
1098413	DB05294
69646	DB06822
5302	DB01355
31901	DB01422
3443	DB00343
6011	DB01247
349753	DB09449
22696	DB00405
4186	DB09086
283742	DB00736
263010	DB00081
32915	DB06285
134404	DB00094
7512	DB00368
7005	DB01204
8628	DB01058
4457	DB01205
2594	DB00636
16681	DB00284
426	DB00160
44157	DB00242
10239	DB00391
898492	DB00048
7518	DB09389
21125	DB08810
338036	DB00019
28181	DB01587
6960	DB00683
10175	DB00664
36514	DB01105
70561	DB00377
139994	DB00038
2373	DB01178
863035	DB04890
321988	DB01175
1827	DB00490
6464	DB05137
21311	DB01553
260038	DB01404
10485	DB00352
623	DB01122
358263	DB00820
138099	DB01155
6825	DB00463
17381	DB01352
22713	DB01209
7004	DB00648
86009	DB00046
25437	DB08965
4451	DB01099
9796	DB09512
20343	DB00821
8896	DB00852
7781	DB00842
10811	DB00376
6911	DB00247
7538	DB01051
8770	DB00777
32673	DB01428
3393	DB00861
1291609	DB08876
8701	DB00721
7456	DB09152
1300786	DB08893
6135	DB01026
41289	DB00308
51499	DB00762
15202	DB00278
24830	DB08981
10432	DB01041
10156	DB00364
15070	DB08905
39994	DB04828
819300	DB06674
24853	DB00800
299635	DB00092
262323	DB00078
1596450	DB00798
133050	DB01574
10362	DB00444
1314344	DB01992
47613	DB11093
1490468	DB09071
1546223	DB00271
11359	DB00137
108074	DB13158
40575	DB00744
136411	DB00203
720	DB00613
8699	DB01599
193	DB08842
9066	DB04575
2358	DB00878
2184	DB01329
7812	DB00935
1599832	DB05341
8620	DB01297
10337	DB01956
2635	DB11082
5936	DB04711
1363268	DB08875
18651	DB08961
321952	DB00337
6672	DB00643
1012892	DB08868
139825	DB01307
10553	DB02513
1314372	DB09473
7486	DB06690
17627	DB01616
644	DB00594
5970	DB09133
1426	DB06770
23088	DB01551
47858	DB05246
5764	DB00808
595060	DB01270
50975	DB06788
4316	DB01023
299081	DB08823
1102129	DB08873
901805	DB06720
10588	DB13025
3827	DB00584
36676	DB01390
1535944	DB11608
10637	DB00525
42359	DB01056
6582	DB01377
6910	DB01107
10825	DB01246
1902	DB09116
1314412	DB03147
3446	DB00566
1114326	DB05039
118886	DB00460
6826	DB00703
10834	DB00726
38998	DB06439
7402	DB06803
10814	DB00279
35185	DB01589
9939	DB09099
10878	DB09158
10958	DB08841
40048	DB00958
236388	DB00825
54993	DB09125
4094	DB04573
38413	DB00214
275891	DB01610
407990	DB01012
265323	DB01024
1044977	DB09357
259280	DB00031
6690	DB09124
5924	DB00638
6384	DB00644
3267	DB08997
26237	DB00889
42368	DB01228
132871	DB00511
62174	DB01089
4450	DB00196
3013	DB00434
10438	DB00277
7934	DB01421
4952	DB00024
8687	DB01087
1306286	DB09101
29561	DB00760
17311	DB01425
679314	DB01267
612	DB06723
763450	DB06372
19737	DB00963
9504	DB00118
2231	DB00567
2400	DB01114
11416	DB01593
16689	DB06736
57258	DB00697
700810	DB01255
10565	DB01584
46303	DB06288
2176	DB00833
32968	DB00758
56188	DB00010
1488564	DB06292
282357	DB00947
117055	DB00087
30225	DB09285
38685	DB00662
8328	DB01085
72143	DB00481
167	DB00819
4182	DB00926
828529	DB00062
784649	DB06216
8691	DB00794
3356	DB00485
1242987	DB08828
