rxcui 	 drugbank ids with divided |
1426330	DB04299
228054	DB00633
314826	DB11132
55347	DB06816
1312358	DB04630
4024	DB01049
4025	DB00696
1726104	DB06317
35780	DB00296
4021	DB01253
831418	DB00766
166551	DB00481
262299	DB00487
10898	DB00150
221141	DB11160
4509	DB03247
5981	DB04818
7517	DB01059
7514	DB00717
7513	DB12787
7512	DB00368
3995	DB00445
266565	DB00220
32521	DB00728
7518	DB09389
1649479	DB09083
1441688	DB11311
820	DB13853
1313173	DB02083
283809	DB00287
235997	DB11699
235419	DB00504
235418	DB00936
10962	DB00135
31914	DB00906
235413	DB00913
23796	DB11742
1102287	DB08864
296	DB00640
1439816	DB08931
153970	DB00424
290	DB00173
5489	DB00956
21102	DB01340
17652	DB00288
1546024	DB00224
25284	DB00255
1011450	DB04221
83367	DB01076
270	DB00919
272	DB09278|DB11980
142426	DB01200
16708	DB02736
22713	DB01209
262100	DB04834
17381	DB01352
236540	DB00899
25113	DB00663
1482680	DB08933
236543	DB08806
2603	DB13792
22482	DB00944
1314409	DB04398
227239	DB00179
26397	DB06696
159151	DB11635
7883	DB01337
1489914	DB09051
1489913	DB06262
7884	DB01337
358299	DB01072
1367170	DB01776
1551777	DB09049
42328	DB00637
9259	DB01180
9524	DB00795
9525	DB00936
349730	DB01914
2449	DB00122
142428	DB01131
46795	DB09001
6054	DB01064
103	DB01033
1047802	DB00424
16818	DB00459
42634	DB00035
4816	DB01120
4815	DB01016
42322	DB04576
16817	DB09055
6378	DB00854
6379	DB02239
1483575	DB04335
10637	DB00525
10636	DB00500
10635	DB01124
6373	DB00367
10633	DB00839
6375	DB01235
134615	DB00484
236495	DB00706
1294588	DB00334
2839	DB11246
1424884	DB09082
18451	DB06543
1425098	DB08911
1294580	DB00056
1424883	DB09082
9639	DB01037
10382	DB01420
37798	DB01162
1721073	DB06016
1294617	DB09275
660767	DB00991
1294612	DB00328
37790	DB00469
1442981	DB09053
9346	DB00140
1363062	DB03864
1363061	DB03900
596205	DB00980
10167	DB09324
1440856	DB02659
2685	DB00375
2683	DB01394
1918319	DB13100
220892	DB00163
1485787	DB04066
6809	DB00331
6806	DB00610
71534	DB00427
6805	DB00610
71533	DB00792
5293	DB00756
203140	DB00274
203142	DB01018
203143	DB00176
29365	DB02300
10565	DB01584
90	DB00159
94	DB02959
97	DB00208
253182	DB00030
1992	DB06774
21254	DB04837
1999	DB00411
1998	DB01197
1601667	DB11343
3992	DB00668
37319	DB06820
3013	DB00434
196342	DB12905
18927	DB00245
18926	DB00417
142152	DB00705
384379	DB01012
1546441	DB11577
1546440	DB04053
1546447	DB06819
6762	DB13392
1546445	DB02348
1311504	DB01370
29961	DB09224
1311507	DB11219
1311500	DB09137
1111103	DB08874
91063	DB00792
272758	DB06784
763450	DB06372
1373458	DB08907
353497	DB09351
1362689	DB11268
1652891	DB00318
20259	DB00429
1191	DB00945
1665509	DB04908
1362685	DB03995
29561	DB00760
21311	DB01553
37775	DB12343
203214	DB00586
37776	DB00853
37771	DB01405
30257	DB09242
1305723	DB12418
1753	DB09019
40968	DB00586
8163	DB00388
8160	DB00812
8164	DB00388
476818	DB11189
6979	DB01017
24524	DB01545
37578	DB09459
299635	DB00092
50097	DB13136
1653781	DB09272
38782	DB06825
1792776	DB11595
326374	DB06713
1652097	DB00813
34374	DB00860
34376	DB00860
8766	DB01608
8761	DB00782
1001	DB01435
34372	DB00860
8762	DB00782
1426872	DB06261
1426871	DB06261
683	DB00855
1426874	DB08824
623	DB01122
72257	DB00068
76887	DB09097
89810	DB00306
1298851	DB00296
72258	DB00068
1298846	DB11126
338036	DB00019
1302966	DB08889
66983	DB01338
813021	DB06716
627	DB01605
8013	DB00806
82055	DB01400
8011	DB00552
82057	DB01051
6572	DB06795
6573	DB06795
7454	DB00698
7455	DB00336
1733674	DB08831
6574	DB01378
24902	DB06783
155137	DB01104
139825	DB01307
28181	DB01587
8687	DB01087
34693	DB01839
1373	DB12867
1374	DB12783
258494	DB00990
668284	DB01274
1040028	DB08815
29900	DB13882
2032	DB11980
314832	DB13157
1364479	DB08827
1356552	DB08883
2192	DB01332
35208	DB00881
114477	DB01202
57047	DB12954
28981	DB00447
267476	DB00993
480167	DB01259
50676	DB00536
50675	DB00536
11378	DB09419
120608	DB00008
51272	DB01224
10960	DB09340
39171	DB00484
19143	DB06755
376	DB01285
55244	DB12958
56226	DB00239
32649	DB12086
6142	DB01009
2023	DB04339
6146	DB00920
1805706	DB11326
473837	DB06402
6781	DB13587
6782	DB01357
29418	DB13092
31901	DB01422
9873	DB09325
11289	DB00682
9871	DB00815
17621	DB11239
21116	DB03852
32626	DB04822
17627	DB01616
3740	DB01057
236558	DB01091
32009	DB11609
4626	DB11735
22701	DB09357
236553	DB00268
38253	DB01600
235288	DB00914
25120	DB00180
25126	DB12553
25437	DB08965
227227	DB00848
235773	DB08950
227225	DB00629
623400	DB06218
1009342	DB04910
235774	DB00295
235775	DB00670
1482501	DB09119
1597381	DB09183
235779	DB09069
69749	DB00177
32786	DB11570
153973	DB00854
787390	DB06204
1722365	DB05239
10803	DB00432
10463	DB08621
52101	DB00924
11017	DB02745
52105	DB01356
42933	DB00373
46276	DB13039
2451	DB00122
1796118	DB13146
39918	DB11176
1927851	DB12364
20473	DB01326
194000	DB01101
1926505	DB00218
173	DB00414
1721559	DB09330
141440	DB09335
885604	DB00334
21107	DB01166
877015	DB11596
4537	DB01942
4530	DB03843
4821	DB01067
7980	DB01053
227312	DB11577
7982	DB09323
46303	DB06288
7984	DB00417
235355	DB00152
46307	DB01025
81985	DB00907
81984	DB01242
42331	DB00929
42330	DB00342
42333	DB01157
10627	DB00684
33199	DB04930
10402	DB00470
10156	DB00364
10154	DB00202
134404	DB00094
10159	DB02772
10390	DB04844
81964	DB06698
81966	DB00217
1356127	DB00884
10395	DB00759
81963	DB09084
3521	DB00975
1427058	DB03902
1356128	DB00884
9627	DB00021
9624	DB00418
539399	DB06783
194279	DB00110
1307298	DB08899
236734	DB13114
37546	DB11770
18846	DB09011
80566	DB00437
102848	DB01382
6211	DB04465
102546	DB01624
54987	DB01345
1362912	DB12418
11377	DB01904
6813	DB00333
6812	DB00931
6814	DB01433
6816	DB01577
358262	DB01319
49953	DB00539
236931	DB00956
1225	DB00424
203153	DB00224
475230	DB06699
1363435	DB03017
1442199	DB03696
237044	DB06696
1872246	DB02961
25112	DB08972
304962	DB01274
1362927	DB03967
1114195	DB06228
1599564	DB09075
19874	DB01353
1749	DB01558
1592736	DB09079
1592737	DB09079
1311539	DB09407
1546451	DB09133
1546454	DB02406
1442171	DB06401
1546457	DB09268
1311530	DB03994
27403	DB08954
2878	DB01380
3355	DB00586
1362697	DB11695
3356	DB00485
3350	DB00720
3353	DB01144
91075	DB01190
996051	DB06772
133041	DB01392
58338	DB01624
58339	DB01624
864624	DB06402
1310122	DB11109
7069	DB04570
1311224	DB04532
1760	DB01200
2549	DB00568
54749	DB00592
6960	DB00683
6963	DB00211
8628	DB01058
8629	DB00457
8156	DB00120
12488	DB06789
8627	DB01588
8152	DB00191
8153	DB00692
8150	DB00946
40790	DB00213
1656328	DB09292
5509	DB09526
27604	DB08949
36435	DB01153
797195	DB06702
11118	DB00313
24395	DB00783
38298	DB01007
47686	DB11129
695	DB01424
11115	DB00161
1362747	DB01942
1534763	DB09043
1516803	DB06274
8718	DB00387
1311085	DB02134
1426867	DB13031
89552	DB11304
61686	DB01521
1593586	DB09049
89808	DB01494
221090	DB09449
221094	DB01084
221095	DB01225
1876905	DB12161
1545063	DB11644
8536	DB00781
7441	DB01054
7440	DB01595
38365	DB08811
7442	DB00435
91165	DB01364
1648695	DB08837
58301	DB11175
72625	DB00476
58300	DB11248
1388	DB00431
25953	DB03310
91217	DB00880
73710	DB00910
3827	DB00584
114052	DB02789
55322	DB00733
35216	DB12780
3327	DB01119
259280	DB00031
259281	DB00440
259282	DB09315
1597258	DB09052
259268	DB09425
1367175	DB11217
38323	DB09536
1789471	DB00039
1927663	DB11943
253158	DB09513
253156	DB00394
24313	DB01253
253155	DB00207
1535214	DB00848
72467	DB13050
7538	DB01051
266604	DB00765
32812	DB04257
362	DB00668
407990	DB01012
89013	DB01238
32673	DB01428
32675	DB01062
19605	DB08807
25734	DB06730
1248798	DB08894
27901	DB08943
73044	DB00912
1440051	DB09265
282357	DB00947
236158	DB01429
6779	DB00933
104463	DB01240
28894	DB13872
27392	DB11699
2346	DB00291
24605	DB00749
19777	DB12401
1788871	DB12052
1426482	DB02691
5879	DB00034
203174	DB01151
24608	DB08984
11295	DB09145
1799206	DB11613
1551571	DB02025
21125	DB08810
3752	DB01010
3755	DB00974
3754	DB01010
150596	DB09131
2191	DB00438
460132	DB01264
16728	DB00551
4637	DB00674
1426463	DB01646
214342	DB00258
4639	DB00483
31805	DB00665
231049	DB00216
259264	DB06785
968170	DB06811
1483317	DB11123
235768	DB12313
1659152	DB09302
1306109	DB01581
153718	DB01014
1306106	DB00184
1306107	DB00184
1306100	DB11164
1427193	DB02520
1367159	DB02178
1667640	DB01164
9500	DB01698
9506	DB00118
9504	DB00118
36314	DB12834
168	DB03166
281678	DB12418
167	DB00819
161	DB00316
84108	DB00412
340705	DB09126
1439834	DB09068
1537943	DB04817
898492	DB00048
236125	DB00586
10176	DB01581
4832	DB00040
7993	DB00183
81999	DB00343
1604346	DB09078
7995	DB00738
7994	DB00738
28872	DB00978
11636	DB01395
81994	DB01452
81997	DB00586
1922436	DB13173
9344	DB00811
235830	DB00715
45318	DB00596
235832	DB00409
5296	DB00488
70223	DB00041
235838	DB00857
57308	DB01030
32592	DB00526
21250	DB00838
60661	DB00783
81971	DB09015
3539	DB00974
3538	DB01003
17747	DB04452
10362	DB00444
1367088	DB11184
1815	DB00297
1817	DB08808
476588	DB01591
1813	DB01210
1819	DB00921
1367086	DB09479
10761	DB00620
53750	DB06804
10763	DB00384
10762	DB00620
10767	DB00897
6995	DB06810
236234	DB00441
1100699	DB08882
18891	DB11748
4335	DB08979
18896	DB00522
40169	DB00680
15842	DB12216
71517	DB00647
59636	DB00354
6370	DB00504
203128	DB00683
203129	DB01204
6371	DB00848
203122	DB00254
203123	DB00584
203120	DB04840
10502	DB00679
203126	DB00934
4162	DB01493
7337	DB00955
83929	DB00054
10634	DB00797
1364347	DB08901
237057	DB00001
1601	DB09019
237058	DB09552
3226	DB04209
6579	DB09407
236058	DB01413
1716278	DB05109
203836	DB01061
614373	DB01609
59839	DB00299
1546275	DB12754
612937	DB00018
317675	DB09509
662019	DB06813
59943	DB00724
10193	DB06147
3320	DB00271
3321	DB00271
3322	DB00829
191831	DB00065
5470	DB01275
106558	DB00721
33764	DB11616
1431738	DB08886
26826	DB00941
10184	DB00259
1546000	DB00319
10180	DB01015
10183	DB08798
1305744	DB11244
7052	DB00295
10188	DB00891
1487512	DB09076
41144	DB00225
1310542	DB02202
1546265	DB01356
1546268	DB00152
278739	DB00082
1310549	DB09154
1791686	DB05316
8149	DB00925
1311146	DB12582
1314420	DB12176
40230	DB11996
8638	DB00860
438399	DB06742
54552	DB00790
1157	DB00174
1156	DB00023
1151	DB00126
267073	DB01603
1546009	DB01137
1599827	DB00114
108118	DB00764
1546007	DB00369
5514	DB00200
1546005	DB00352
1546004	DB00373
62136	DB00959
87636	DB00950
1426853	DB01378
28439	DB00555
3036	DB00138
7992	DB06154
8703	DB01039
68244	DB00709
1311524	DB00168
8700	DB01035
34316	DB11090
8706	DB00433
8705	DB00433
8704	DB00433
644682	DB01264
34318	DB09418
1349278	DB12668
87639	DB12407
28395	DB12942
1298831	DB01409
1298832	DB01356
31565	DB01149
31563	DB00716
1298837	DB00594
17698	DB04836
1298839	DB00207
160460	DB06756
48933	DB01234
48937	DB00633
48936	DB00405
221088	DB01576
34530	DB01366
350374	DB06756
9997	DB00421
59308	DB11255
1313966	DB04789
8702	DB01168
3290	DB01529
6513	DB00256
8701	DB00721
1311525	DB01718
115265	DB00710
423	DB01426
1865953	DB05219
426	DB00160
22656	DB00304
31748	DB09220
267453	DB09395
4648	DB12923
1543173	DB09041
1299236	DB00281
283742	DB00736
1921877	DB12243
259454	DB01002
22380	DB03600
3626	DB01184
221946	DB04272
1745099	DB11569
259453	DB01002
7268	DB00826
11359	DB00137
233272	DB00307
253149	DB00036
10169	DB00634
177906	DB05273
39994	DB04828
1546354	DB09110
13982	DB03604
66895	DB09313
28656	DB00666
91531	DB09420
155080	DB06709
91535	DB09293
23386	DB01146
139233	DB13786
1102188	DB11210
22033	DB00606
1242806	DB05013
279950	DB08439
22037	DB00942
613391	DB06209
1147220	DB08881
1546871	DB00720
828529	DB00062
1298944	DB06366
1537050	DB09030
19295	DB04794
10996	DB00791
6765	DB06823
1325	DB01483
1364504	DB08903
60819	DB00006
6760	DB00371
24614	DB00773
22892	DB01495
9774	DB12982
1372538	DB04485
23678	DB00858
19768	DB09018
1873916	DB11730
82091	DB06691
16735	DB01063
819911	DB06771
17609	DB01370
1808546	DB04871
1808545	DB13180
16738	DB11696
24941	DB01592
2183	DB01328
2182	DB00274
2180	DB01327
2187	DB01330
2186	DB00493
4608	DB02703
2184	DB01329
1426458	DB09313
224905	DB00072
2188	DB00229
4603	DB00695
25389	DB01677
4601	DB00614
259275	DB00198
227240	DB00692
288999	DB01718
235758	DB00542
235759	DB00881
235757	DB00298
235751	DB00295
1928588	DB11834
31819	DB00507
402316	DB00419
6693	DB00784
6690	DB09124
1722380	DB05239
6694	DB00358
2438	DB04540
155	DB01614
221087	DB00694
135313	DB06826
1721603	DB09299
20861	DB08800
7839	DB09352
19831	DB01222
612865	DB06273
7832	DB00345
7833	DB00233
1369563	DB04481
25096	DB08974
1362885	DB02962
4511	DB00158
33212	DB00850
6185	DB00598
673579	DB01255
994808	DB00989
1491625	DB09046
857492	DB06204
11645	DB08826
52582	DB00244
135775	DB00315
9601	DB00747
10179	DB00576
9603	DB00747
57330	DB07615
203162	DB13092
1005920	DB08867
1005921	DB08867
5281	DB04703
10171	DB00359
10172	DB06150
10173	DB01299
10175	DB00664
52769	DB00235
21246	DB13158
21247	DB09004
21245	DB01013
7233	DB00607
10378	DB00894
81944	DB00787
81948	DB06723
39801	DB13781
27946	DB06706
7238	DB00844
21249	DB00838
99	DB00513
1363030	DB02774
853491	DB06168
1539968	DB05869
36567	DB00641
38377	DB09216
10561	DB09205
38574	DB02650
1808	DB00887
41208	DB00596
42955	DB00583
236599	DB00768
236595	DB13141
9518	DB08797
1300479	DB00992
14851	DB01080
155017	DB01176
33739	DB09286
18889	DB00892
1368168	DB13038
18880	DB09022
1362906	DB12519
1368533	DB11296
42405	DB00075
49428	DB13421
38617	DB00505
203130	DB00540
203133	DB01053
203132	DB01113
9771	DB11132
203134	DB00319
203137	DB01037
102745	DB01605
7301	DB11589
1367187	DB00162
3251	DB00035
21406	DB09270
3254	DB01260
3255	DB00547
236888	DB12230
1433211	DB08918
36108	DB01399
1433212	DB08918
236829	DB01102
1435864	DB12969
1311397	DB01880
237082	DB00953
1399	DB01086
1523	DB00217
1102129	DB08873
10207	DB00263
5463	DB08818
10205	DB01138
203220	DB00443
1427224	DB09149
3339	DB00527
1745257	DB00076
1427222	DB05829
1700	DB11326
1300476	DB01172
301739	DB00106
1546272	DB06757
1310551	DB03193
1368871	DB03462
1546279	DB02600
1390	DB11125
1546401	DB12546
1363564	DB09087
142436	DB00813
142437	DB01148
142434	DB01127
142435	DB00330
142432	DB00575
142430	DB00283
1314416	DB09571
83153	DB01133
6984	DB00350
142439	DB00956
1546019	DB01254
974779	DB08935
1368877	DB02255
1546014	DB00399
1546015	DB06213
36344	DB11127
19959	DB09488
3024	DB00151
3022	DB00847
525	DB01431
91188	DB00645
91189	DB09085
83719	DB00365
71767	DB01616
8737	DB00172
34323	DB01345
89959	DB00144
23663	DB00254
262323	DB00078
31555	DB04861
8047	DB01186
8048	DB01186
1091836	DB01656
72260	DB00790
1310171	DB12091
49247	DB00204
66955	DB00512
11002	DB03904
37317	DB13416
38386	DB02383
38382	DB09245
614391	DB01281
91588	DB09316
302285	DB00872
435	DB01001
430	DB00518
1370111	DB00166
616739	DB05271
1312397	DB08896
8462	DB09094
8463	DB01179
1297879	DB01415
1297878	DB01140
283753	DB00556
196239	DB00293
1807514	DB09499
5321	DB11254
1420982	DB04827
8196	DB12944
1425	DB09084
1366667	DB04161
8354	DB12492
221183	DB00425
55018	DB09414
55019	DB09413
1726987	DB06206
133054	DB00878
24591	DB13866
4118	DB00189
28889	DB00455
132889	DB06707
352372	DB06701
155075	DB00277
1311506	DB13089
19338	DB13746
57227	DB00662
32613	DB00991
28863	DB04948
1364532	DB04160
816346	DB05351
1366924	DB01990|DB04540
22537	DB01134
337068	DB00992
52918	DB12251
1659192	DB09143
4778	DB00406
51428	DB01306
6758	DB00849
4177	DB00292
4170	DB00823
4171	DB08987
720825	DB06207
227212	DB01210
662281	DB04868
6756	DB01365
4179	DB00773
6754	DB00454
1424174	DB08913
221054	DB09335
863035	DB04890
9947	DB00489
19759	DB01237
9945	DB01638
56476	DB13180
221058	DB00415
17618	DB01370
57789	DB00693
52358	DB13749
52356	DB11110
66896	DB09313
135091	DB11675
1426280	DB03088
42836	DB11145
22759	DB11994
349753	DB09449
82005	DB01081
1426447	DB00163
1875534	DB11945
1544460	DB09054
7674	DB12930
4617	DB02530
641465	DB06413
1306127	DB00171
235749	DB00452
46243	DB01375
46049	DB00088
1306121	DB06150
235743	DB00331
475969	DB06414
42545	DB09093
235745	DB01621
77655	DB00399
5924	DB00638
10834	DB00726
155323	DB00959
5928	DB08948
21877	DB09000
21655	DB01380
1368451	DB08909
52172	DB01188
20877	DB11121
20875	DB01243
52177	DB00873
52175	DB00678
4507	DB04842
1314351	DB13155
4501	DB00690
4500	DB00846
1543543	DB05015
4502	DB00712
7821	DB00595
236690	DB00952
4508	DB00499
7824	DB00107
61805	DB00348
22396	DB11921
57257	DB09091
57258	DB00697
56092	DB00462
190376	DB00601
17767	DB00381
20769	DB07565
1244607	DB08819
8985	DB11156
21272	DB00453
8987	DB00339
7222	DB00157
306674	DB00862
68139	DB00728
7226	DB01203
10691	DB00302
1427083	DB02779
81953	DB00415
89918	DB00125
1441546	DB06728
27518	DB12545
279951	DB08439
2406	DB01239
4980	DB09121
2404	DB00672
587318	DB03085
2403	DB00477
2400	DB01114
55175	DB12278
578285	DB12647
134547	DB06769
2408	DB09093
2409	DB00310
1925805	DB00140
10524	DB00156
679314	DB01267
58964	DB00708
14845	DB00964
33724	DB09090
1734630	DB11575
38609	DB11155
83947	DB00799
8871	DB12667
3248	DB01078
736680	DB04855
7315	DB01400
7316	DB01400
3247	DB01151
1367190	DB02045
141704	DB01590
36118	DB00017
1599538	DB09075
236673	DB12251
236859	DB00783
36117	DB00938
1311380	DB00038
1311381	DB11558
1306099	DB11164
1311387	DB12029
26849	DB03808
237099	DB00163
1116632	DB08816
203210	DB00457
203211	DB00343
1546399	DB01339
203213	DB00445
10237	DB00605
5499	DB11091
203217	DB00007
5495	DB00774
10239	DB00391
1546396	DB09080
5492	DB00741
132871	DB00511
1712	DB00083
9386	DB00478
2410	DB00356
132879	DB06805
1871173	DB11575
49255	DB11594
613	DB13390
1371967	DB00974
1360720	DB11235
1546025	DB01044
142424	DB00594
1546027	DB00442
83366	DB01076
1546021	DB00671
1546022	DB00722
487070	DB01141
1546029	DB00760
1546028	DB01033
18343	DB06697
11124	DB00512
18346	DB09274
1012892	DB08868
2418	DB00169
14448	DB06704
1360721	DB11235
7781	DB00842
91428	DB00655|DB04574
325642	DB00303
325646	DB09026
6377	DB06793
519	DB00437
1311542	DB00129
29439	DB00253
1364104	DB06663
1314242	DB01351
183379	DB00989
1311548	DB08847
8723	DB01123
8724	DB01123
8727	DB00396
1227	DB00995
621	DB00915
620	DB00915
1223	DB00572
626	DB01163
625	DB06742
624	DB01122
4182	DB00926
28382	DB09236
4186	DB09086
6536	DB00123
6537	DB00123
1427223	DB09546
27729	DB01249
8299	DB00981
40450	DB11364
6538	DB00123
5784	DB08950
1148495	DB08865
1484911	DB08934
31494	DB08804
31495	DB00984
103755	DB00454
203114	DB01118
1012891	DB08868
1426941	DB04445
29652	DB06799
73107	DB00922
1372539	DB02377
1148138	DB06196
32863	DB11190
55063	DB00860
1435522	DB00736
3304	DB01452
8183	DB00252
56443	DB09395
1540824	DB09042
7762	DB01092
1100071	DB05812
1100072	DB05812
1666923	DB00642
155060	DB03088
1298965	DB01223
276237	DB00879
60307	DB00494
22298	DB00298
22299	DB00080
73032	DB00899
1364529	DB03896
26296	DB00226
22293	DB04816
1426451	DB01759
4166	DB01466
11248	DB00115
27100	DB04865
11246	DB00162
709271	DB08904
4169	DB08985
103244	DB01085
51499	DB00762
1791685	DB05316
24947	DB13257
689	DB01223
32915	DB06285
1490468	DB09071
19257	DB01019
19254	DB00443
233603	DB04920
55685	DB00884
84158	DB00353
1427068	DB07645
55681	DB00896
1549138	DB00592
7456	DB09152
119565	DB01036
10240	DB08329
36122	DB11071
2238	DB01139
56795	DB00708
2231	DB00567
69782	DB09114
2233	DB09008
2236	DB00456
10826	DB09069
10827	DB00347
10824	DB01214
10825	DB01246
5933	DB05382
1314329	DB11709
1297882	DB01060
405416	DB00783
10828	DB01116
10829	DB00440
7814	DB01192
36685	DB09460
7812	DB00935
7813	DB06412
3498	DB01075
39952	DB06815
7818	DB00219
5095	DB01159
4570	DB04173
1037042	DB06695
36680	DB11326
1607976	DB09147
36345	DB00971
236680	DB00320
2189	DB01331
321952	DB00337
42372	DB00410
42375	DB00007
16689	DB06736
89812	DB09014
16681	DB00284
214354	DB00796
235486	DB01234
235482	DB00741
235483	DB00741
1291301	DB06237
274964	DB01410
4492	DB00544
4888	DB03266
10355	DB00231
2709	DB00803
2708	DB01111
70561	DB00377
4885	DB00130
7960	DB00487
10689	DB00193
7966	DB01230
38555	DB13643
49626	DB04880
1364430	DB06605
52549	DB09332
84990	DB06703
36514	DB01105
38453	DB13064
754763	DB06717
1828	DB01008
1300786	DB08893
1825	DB06719
1827	DB00490
301542	DB01098
1468845	DB00559
10759	DB00620
1593147	DB11239
1747475	DB13121
753340	DB00360
753341	DB00360
10753	DB00755
18747	DB01014
657797	DB06287
1734628	DB11574
54239	DB04822
203116	DB00490
203115	DB00415
163524	DB00741
203118	DB01331
54236	DB12877
139896	DB00109
1101333	DB08872
58157	DB01579
705022	DB08906
40048	DB00958
3477	DB12789
236066	DB00691
236065	DB00869
82054	DB06711
8886	DB00344
3478	DB00917
140587	DB00482
33408	DB11160
203841	DB00921
36908	DB01348
8010	DB05630
18997	DB01878
18994	DB11989
18993	DB00868
108074	DB13158
1442132	DB08932
1311373	DB12310
7023	DB09282
9004	DB00114
9002	DB00147
9001	DB00545
9000	DB00545
203207	DB00623
203206	DB00416
203203	DB00802
9009	DB06691
10223	DB09353
67158	DB00669
9392	DB00867
20024	DB00403
1011650	DB09208
1494066	DB09031
1313189	DB11299
1305579	DB11183
40137	DB00675
1310579	DB02145
40138	DB01088
991260	DB02938
133008	DB01060
34296	DB11098
1546030	DB06335
1546031	DB08907
58275	DB00719
39879	DB09227
263010	DB00081
847083	DB05679
1876122	DB12865
7024	DB11137
40595	DB00263
487066	DB01001
271743	DB00592
5487	DB00999
3007	DB00260
69036	DB06201
3001	DB00979
39541	DB00361
860693	DB00674
1653515	DB02121
1311282	DB09322
1311280	DB12257
3008	DB00091
190548	DB00932
1588	DB00121
1589	DB00810
7285	DB12293
1426906	DB03156
274403	DB01277
24351	DB00199
1098413	DB05294
901805	DB06720
1921069	DB05084
18751	DB01408
1432980	DB13440
1855735	DB06043
1597876	DB09035
596724	DB00261
29421	DB03614
784	DB01536
632	DB00305
1299809	DB00036
262307	DB07477
136561	DB00565
30009	DB00491
7486	DB06690
40660	DB09088
1000492	DB02709
6529	DB12474
5657	DB01181
5653	DB00249
5650	DB01177
2898	DB04665
1489762	DB09314
319864	DB13450
11065	DB01586
2890	DB01284
8984	DB11156
83171	DB00369
29648	DB00902
31447	DB00486
4083	DB00783
1232150	DB08885
4089	DB01196
77492	DB00706
73137	DB00775
31448	DB00461
979111	DB06800
55471	DB00863
1894	DB00136
1311625	DB00653
1311626	DB00715
196213	DB11257
1862951	DB12836
714438	DB06589
1307037	DB02210
39230	DB12661
228656	DB00701
7773	DB00713
236770	DB09295
7779	DB00621
7778	DB01096
1371313	DB12938
19484	DB00612
1300700	DB04871
1371319	DB08896
237162	DB09214
196102	DB00074
259318	DB00885
78903	DB00314
78902	DB01298
1040004	DB06590
4792	DB11619
266974	DB00595
5832	DB04566
5833	DB13178
60842	DB00234
221071	DB00438
221072	DB00439
19008	DB00562
35255	DB00604
1723734	DB09570
1723735	DB09570
221079	DB04272
55672	DB00615
1358492	DB08895
261435	DB09517
82027	DB01275
60207	DB00869
19790	DB09017
139462	DB00218
42562	DB01139
6084	DB01321
42569	DB06719
1364468	DB08900
29495	DB12148
23370	DB01231
6646	DB00934
119771	DB06211
42319	DB00585
259335	DB11783
897018	DB06637
10811	DB00376
1535218	DB09036
10814	DB00279
56524	DB13707
10819	DB09089
6711	DB01065
402365	DB01319
253337	DB00112
32639	DB11610
32638	DB00239
7801	DB01580
7804	DB00497
7806	DB09140
235782	DB01466
3648	DB00450
19861	DB11148
19860	DB00241
436212	DB00715
3642	DB00366
3640	DB00254
2550	DB00827
2551	DB00537
6398	DB01627
26051	DB11323
2555	DB00515
2556	DB00215
61	DB03107
42368	DB01228
302379	DB00043
2396	DB00880
2397	DB00269
24913	DB11171
2393	DB00608
21241	DB00349
623033	DB01046
2399	DB00856
10178	DB01582
20610	DB00341
10324	DB00675
20614	DB01718
20615	DB09494
4890	DB00143
1742746	DB04027
1742747	DB03929
190353	DB00111
1733681	DB04996
82023	DB01170
56510	DB09269
7975	DB00859
17145	DB00600
21212	DB01211
7973	DB01359
21216	DB00766
25194	DB08970
25193	DB06623
25190	DB00623
1851	DB09300
21183	DB04272
1311286	DB09449
6064	DB00982
52151	DB06794
6066	DB08941
43611	DB00654
2177	DB01140
9549	DB12403
39085	DB11340
2178	DB01326
6069	DB00602
24460	DB06689
805452	DB05332
1373478	DB08908
317246	DB09409
2601	DB09218
8136	DB04823
5496	DB11072
1925820	DB00140
1925821	DB03247
42987	DB09490
49276	DB00590
3264	DB01234
3267	DB08997
3268	DB01191
28908	DB09212
10030	DB11092
1364388	DB04147
10032	DB06718
46241	DB11081
106047	DB00981
8896	DB00852
142136	DB05381
142135	DB00828
236650	DB08970
236651	DB01482
236878	DB00876
54828	DB09555
236875	DB00906
26867	DB06787
59161	DB03312
10379	DB00624
30145	DB00764
37935	DB06764
236897	DB08841
1423270	DB09397
9036	DB03088
1600711	DB00790
59768	DB00061
7019	DB01618
38508	DB11678
307306	DB00862
10255	DB00870
59763	DB00649
10256	DB04786
1364277	DB11263
18699	DB00626
20033	DB00201
232158	DB00533
1737	DB01158
732	DB00681
54220	DB06694
71225	DB00714
71227	DB00252
1092437	DB08879
8132	DB01620
67182	DB08792
1370593	DB11695
1364503	DB08903
29899	DB06800
24346	DB00199
24347	DB00199
6883	DB00353
2955	DB11672
1311292	DB11136
1598	DB00266
1362737	DB09502
5340	DB00117
47877	DB01231
91406	DB00819
1029	DB07402
62174	DB01089
1049105	DB01086
33562	DB00529
1311569	DB11180
37665	DB09164
1370971	DB04938
226724	DB09510
1311560	DB13116
692620	DB00743
89903	DB13620
1311567	DB11185
1311565	DB09348
30031	DB00805
115552	DB00685
47613	DB11093
1655922	DB09280
8076	DB00850
47589	DB12926
37864	DB00624
1876597	DB11691
5640	DB01050
10772	DB01021
3108	DB00250
3109	DB00694
8637	DB12832
3105	DB01219
306266	DB00442
3100	DB00970
108088	DB00240
3102	DB01406
267036	DB01233
8674	DB04825
1597609	DB09050
1597608	DB09050
23033	DB00223
1545653	DB09038
72302	DB00268
461016	DB00402
1219	DB00732
23744	DB00645
4094	DB04573
267360	DB01060
267366	DB00126
616275	DB01268
228530	DB04834
150816	DB00458
322154	DB00569
1488564	DB06292
337525	DB00530
337523	DB04845
136198	DB00496
480	DB00802
6468	DB00836
155046	DB00686
35825	DB06785
1488818	DB09138
4604	DB08966
194881	DB01194
6464	DB05137
35829	DB00243
9800	DB09142
342691	DB00374
1484499	DB12749
407906	DB11136
3920	DB00228
282388	DB00619
61455	DB12523
3925	DB00467
134748	DB01367
228750	DB00218
236911	DB11154
28859	DB06794
114176	DB01624
23364	DB00729
74667	DB00962
35623	DB00740
6728	DB00170
1369713	DB08910
4780	DB00595
73494	DB00966
32937	DB00715
476250	DB00476
1667655	DB06016
4141	DB13259
1599276	DB11104
9939	DB09099
50166	DB00492
221068	DB01164
1918219	DB11915
60212	DB01117
47907	DB11583
1591890	DB02857
1591891	DB13117
1037041	DB06695
12062	DB01436
1663407	DB04349
25696	DB01645
1364478	DB08827
260101	DB00198
1373350	DB03587
1000112	DB00603
258329	DB00328
161203	DB01615
1441386	DB06401
32624	DB00776
5966	DB08947
214555	DB00005
10805	DB00508
5967	DB08946
10800	DB00831
10456	DB00152
408142	DB01024
21660	DB13003
194	DB03128
197	DB06151
193	DB08842
6384	DB00644
6387	DB00281
236460	DB00697
4556	DB00452
358263	DB00820
10510	DB01623
4550	DB00828
1306181	DB02425
2541	DB00501
85247	DB00969
42359	DB01056
42355	DB00176
85248	DB00969
42351	DB01356
17311	DB01425
2382	DB01131
1359422	DB11876
24909	DB09146
1299898	DB02300
39841	DB06694
10337	DB01956
135447	DB00843
75207	DB00559
7909	DB09117
14982	DB13154
21837	DB11134
121243	DB00582
36721	DB09472
281890	DB09498
3000	DB13532
3551	DB13694
36726	DB09499
1841	DB00611
1358847	DB00119
4952	DB00024
90540	DB11916
42736	DB00380
11476	DB01133
20489	DB01416
20481	DB01413
1488368	DB09165
20486	DB00923
37415	DB12127
1368374	DB02375
10798	DB06824
1908	DB11126
10795	DB08604
1242127	DB08898
37418	DB00669
3292	DB00509
1901	DB01164
39993	DB00425
39990	DB13166
3455	DB01093
39998	DB00909
236081	DB00577
47627	DB11348
236083	DB00630
236082	DB01149
236647	DB00254
36437	DB01104
1922449	DB06654
1922448	DB06654
24484	DB08988
278567	DB00580
26879	DB00473
719872	DB06817
104966	DB01551
1800093	DB04539
1294532	DB01106
1294534	DB00380
10588	DB13025
38725	DB01157
7005	DB01204
7004	DB00648
33283	DB01619
1305552	DB12521
18687	DB01602
1364289	DB06705
37255	DB00139
342369	DB00480
1305558	DB09326
33770	DB02925
5880	DB00105
18516	DB01574
275635	DB00967
84375	DB05259
360777	DB00170
40114	DB01018
1440270	DB05022
1486966	DB06292
47461	DB01091
1426886	DB00847
17945	DB00517
17941	DB01125
1740241	DB01726
33910	DB00270
18330	DB01169
1657018	DB03057
1054	DB01429
1056	DB06692
819300	DB06674
658552	DB04890
321064	DB00275
1314211	DB07631
89916	DB13163
1596450	DB00798
4316	DB01023
612	DB06723
4319	DB00093
1272	DB00355
17305	DB13518
615	DB11342
1798288	DB05990
221456	DB09087
8792	DB06714
35185	DB01589
8794	DB00550
8795	DB13307
27748	DB13813
1368632	DB02839
1597582	DB09074
388084	DB00044
3118	DB04840
3116	DB13352
24246	DB12116
402429	DB01155
1311134	DB12450
2837	DB09130
90176	DB01592
23024	DB01501
190521	DB01048
8640	DB00635
23203	DB08792
236960	DB06751
228833	DB00538
34658	DB03766
82112	DB00656
82115	DB01199
1670304	DB09343
2590	DB11750
322167	DB01591
28627	DB01106
155036	DB00888
20881	DB09007
712566	DB06650
7597	DB00646
6472	DB00227
7595	DB06152
6470	DB00186
6476	DB00408
6475	DB00408
24305	DB05057
104728	DB00477
10208	DB00263
1723152	DB09028
1546455	DB13014
1437	DB04115
1788981	DB12970
32895	DB01384
32894	DB00617
21949	DB00924
19461	DB13153
2599	DB00575
8332	DB00960
8331	DB01100
6718	DB01042
6719	DB01043
8339	DB00319
35636	DB00734
38336	DB09091
31994	DB00957
32941	DB13063
9907	DB00936
215948	DB00567
9900	DB01053
23684	DB06751
1450910	DB00833
337623	DB00003
23687	DB09215
4134	DB00392
4135	DB00593
4136	DB00754
23683	DB00858
5690	DB01598
5691	DB00458
155056	DB01035
594119	DB04895
1926836	DB12224
29455	DB08948
1705	DB11203
732498	DB09026
1309410	DB09322
60223	DB00210
8620	DB01297
56188	DB00010
282446	DB01263
1147320	DB08870
1426390	DB03796
266573	DB01030
282443	DB00642
784649	DB06216
5307	DB08957
4040	DB01613
402349	DB06282
6664	DB00579
221126	DB00680
10878	DB09158
734064	DB06700
221125	DB09449
214837	DB06819
1483263	DB00127
32385	DB01250
221128	DB00410
221129	DB00698
72236	DB01320
82806	DB01320
1721560	DB09330
21833	DB09131
2286	DB11073
2287	DB11073
19685	DB01158
1659907	DB02273
358274	DB06403
356988	DB00095
2578	DB00283
1670303	DB09343
23623	DB11594
42347	DB01156
281942	DB00567
17300	DB00346
2378	DB11386
227897	DB00443
135056	DB00528
873	DB11157
26225	DB00904
2372	DB06470
2373	DB01178
2594	DB00636
2596	DB00882
2597	DB01242
1368702	DB02327
21232	DB00771
2592	DB00845
5036	DB01170
9899	DB09072
5032	DB00874
5033	DB00629
5031	DB11359
17128	DB00448
1314412	DB03147
7910	DB01384
6633	DB12907
74671	DB09067
1114326	DB05039
283810	DB00905
1430441	DB08916
1736006	DB02576
6048	DB13156
1320642	DB03651
2116	DB00521
2622	DB01559
2623	DB00257
1304974	DB08887
2626	DB00363
2625	DB01147
1873752	DB13170
8754	DB01182
1291609	DB08876
1918	DB01783
1427088	DB08844
3289	DB00514
3288	DB01576
289159	DB09286
835827	DB00624
10995	DB03419
10014	DB11460
38454	DB00519
3449	DB08801
1309741	DB04325
3445	DB06782
3444	DB00985
118886	DB00460
3446	DB00566
865	DB08799
33169	DB01074
3443	DB00343
81982	DB01190
2020	DB00389
321988	DB01175
10493	DB00599
59744	DB00069
27863	DB09136
27866	DB08944
59743	DB01325
1546356	DB06695
1546408	DB06826
353103	DB00289
1494854	DB02613
353106	DB00055
10473	DB04572
353105	DB06701
1547220	DB09039
353108	DB01175
159821	DB00497
33290	DB03255
1114057	DB01614
53616	DB01161
55679	DB11738
29275	DB09238
236747	DB00413
1364953	DB08901
58295	DB01593
85762	DB00503
20492	DB01415
236741	DB00653
44157	DB00242
68442	DB00099
20498	DB04846
68446	DB00642
44151	DB00631
307296	DB01628
18651	DB08961
26797	DB00739
20217	DB11186
30236	DB00295
1592256	DB11256
1673265	DB01238
17933	DB00913
28031	DB01167
38022	DB12444
1297766	DB01076
17939	DB04599
1536070	DB07776
2970	DB04838
2598	DB01068
6860	DB00232
2977	DB01176
28456	DB09376
1043	DB00714
81965	DB06756
91178	DB00277
115713	DB00471
107770	DB04843
107771	DB00944
30121	DB01171
1735163	DB12792
30125	DB00745
30129	DB00623
83213	DB01388
3523	DB04817
7631	DB04224
620216	DB04835
1665496	DB09291
8259	DB09394
1266	DB01061
72143	DB00481
1911	DB09333
1102270	DB08864
11055	DB00013
1603350	DB06603
8782	DB00818
8787	DB00571
8786	DB09396
8785	DB00647
861640	DB08860
1428878	DB02517
1294622	DB06788
33747	DB04574
3120	DB04209
7617	DB00104
1314255	DB01094
114979	DB01129
299081	DB08823
29528	DB01071
1314330	DB02527
1314331	DB11348
114970	DB00549
15996	DB00370
1597623	DB04871
1299924	DB00974
1299926	DB09472
34132	DB00059
1299920	DB01914
144450	DB03756
1299922	DB01248
31476	DB00735
1314319	DB06616
1720259	DB09105
1487826	DB12452
6446	DB00589
6915	DB01233
6916	DB00524
82101	DB00634
6910	DB01107
6911	DB00247
6918	DB00264
155021	DB08809
1545982	DB00190
1545987	DB01143
1545986	DB01598
1545984	DB00438
23638	DB12313
528	DB01430
1545989	DB09477
1545988	DB00531
89785	DB11315
89784	DB01625
529	DB01430
1112990	DB04953
72962	DB01248
1921217	DB12267
91350	DB00964
103468	DB00741
1490795	DB06151
91603	DB11604
35605	DB02955
341018	DB00362
35350	DB00409
19478	DB01294
31983	DB00717
8042	DB12710
26412	DB00801
11202	DB00541
11204	DB00309
1537034	DB09030
866	DB08799
230435	DB00113
1314227	DB12771
9913	DB00464
114289	DB00224
15226	DB01213
82038	DB00836
9919	DB00313
19079	DB00895
4127	DB00609
4126	DB01143
4124	DB00977
7435	DB00401
24474	DB01031
27781	DB09156
235857	DB01042
1723738	DB09559
1309402	DB00301
1426165	DB13149
10498	DB01622
75917	DB00060
6674	DB00888
6677	DB00939
6676	DB00737
23410	DB00449
6673	DB00657
6672	DB00643
6678	DB00939
4056	DB00199
4055	DB00199
1649480	DB09083
4053	DB00199
11516	DB06410
56519	DB11135
4058	DB00199
10869	DB00809
50610	DB00014
5971	DB09133
214824	DB00658
88249	DB00471
10864	DB13179
10865	DB03754
19850	DB12230
1603296	DB09078
187832	DB00230
82819	DB00659
3616	DB00841
1368173	DB03467
236400	DB00805
5301	DB08958
392509	DB00090
859857	DB01232
25037	DB00535
1546283	DB13047
25033	DB00671
8691	DB00794
287734	DB00563
2567	DB00155
10917	DB01199
1726975	DB11563
11423	DB09321
26237	DB00889
2361	DB00878
10318	DB00382
473298	DB09217
69120	DB01409
2582	DB01190
57555	DB09345
2580	DB01407
5021	DB00400
4440	DB01148
4441	DB01195
4444	DB08976
4448	DB00301
1298738	DB01744
25255	DB00983
1538097	DB09033
1314344	DB01992
235991	DB00864
236539	DB00296
204144	DB01112
356887	DB06282
300195	DB00300
1649519	DB01670
1356758	DB08231
227778	DB00807
6058	DB00883
24812	DB00949
69722	DB00558
10471	DB00372
2101	DB00395
6051	DB01625
2105	DB00262
3489	DB08995
1608145	DB11081
41289	DB00308
11201	DB13374
10472	DB11590
1025342	DB11256
1603834	DB09060
474128	DB01265
314686	DB09456
314687	DB00018
203155	DB01146
20799	DB12453
30077	DB01226
597744	DB00398
3430	DB01775
578033	DB01279
235788	DB12911
50749	DB01218
2037	DB11588
2034	DB09157
102490	DB00514
1091643	DB08822
1368000	DB06203
4845	DB01296
53692	DB06712
4847	DB01296
53694	DB04743
274332	DB00731
1918231	DB11793
33332	DB09269
1547219	DB09039
83682	DB01066
10464	DB01154
29261	DB06757
353116	DB00246
1670007	DB09564
29268	DB06757
38260	DB09070
1310520	DB08880
36676	DB01390
3541	DB00280
83515	DB00876
7244	DB13169
314592	DB00343
20976	DB01303
20974	DB00122
58939	DB00048
237112	DB00688
1433347	DB06973
1442190	DB02379
54270	DB12086
11194	DB00194
11196	DB09185
11199	DB00570
11198	DB00570
30225	DB09285
2968	DB01000
1536069	DB11140
1309342	DB00071
91166	DB01364
91167	DB00388
323828	DB01098
91163	DB00940
3041	DB00987
6876	DB00968
91168	DB00852
1297771	DB01914
233698	DB04855
23321	DB01160
1314233	DB11296
259346	DB01592
1425983	DB04221
1603521	DB11875
67518	DB00592
40003	DB09225
30131	DB00691
977863	DB04920
1551291	DB09045
37617	DB01606
33767	DB01291
384455	DB00560
1091	DB00125
1483262	DB03566
4337	DB00813
677	DB00357
1311067	DB12481
4333	DB01288
4331	DB00573
91293	DB00735
29998	DB08888
3131	DB00746
37859	DB00624
3132	DB00746
14584	DB00294
1546168	DB09122
29682	DB00340
1418	DB09096
1314303	DB02159
1855064	DB00146
1731071	DB06717
29046	DB00722
283550	DB00097
595060	DB01270
86009	DB00046
229367	DB01369
229369	DB01764
1311669	DB05383
136411	DB00203
1597373	DB09297
6904	DB06710
8686	DB00750
6902	DB00959
6901	DB00422
8134	DB01174
5764	DB00808
8130	DB00498
82131	DB01004
8133	DB00830
165516	DB00687
1545992	DB00254
1545996	DB00968
1545999	DB00595
61609	DB01102
89795	DB09092
1256	DB00993
1525	DB01393
47622	DB13231
1520	DB00195
1251	DB00928
47628	DB11348
1102261	DB05521
309	DB00131
7402	DB06803
35617	DB01201
35619	DB01220
73689	DB04854
1726988	DB06206
4110	DB00330
8351	DB09210
8352	DB00670
1592254	DB04951
33738	DB01132
26422	DB00793
8356	DB00554
26420	DB00502
1362696	DB03568
35296	DB00178
7895	DB01113
24698	DB01073
32968	DB00758
19044	DB00676
19041	DB00767
82004	DB01075
7427	DB12172
7426	DB00393
24441	DB08986
74	DB02362
7421	DB11820
73178	DB04946
27792	DB09134
27793	DB09135
1727169	DB01672
1361657	DB09420
23405	DB01491
1426379	DB04167
6606	DB00772
1426374	DB13171
12449	DB08964
140108	DB00520
5942	DB04815
1362739	DB07726
84959	DB00053
17789	DB11128
1000146	DB00783
221100	DB01039
221101	DB00324
5781	DB00328
1307619	DB06616
221109	DB00071
1362699	DB11659
105655	DB01592
991743	DB00058
358257	DB06212
328134	DB00317
358255	DB00673
358258	DB00188
9020	DB13084
1306114	DB11210
1716191	DB09264
25025	DB01216
25793	DB01251
684879	DB00165
235450	DB00797
47858	DB05246
102846	DB08962
2358	DB00878
2359	DB00878
1545976	DB00318
1606274	DB09077
253202	DB00775
253201	DB11460
2356	DB00475
2354	DB08936
7930	DB01626
7934	DB01421
877510	DB06176
1926480	DB02640
4453	DB02266
4452	DB00687
4451	DB01099
4450	DB00196
4457	DB01205
9143	DB00863
1601995	DB00736
1895	DB01373
4459	DB04841
4458	DB00663
283838	DB00012
400008	DB01309
481474	DB01259
204175	DB01140
1368167	DB07810
34311	DB11153
24867	DB01550
1311342	DB09449
6023	DB00221
20814	DB03128
6026	DB00753
6027	DB00677
41277	DB00741
1423925	DB08690
3829	DB09477
195085	DB00625
1300488	DB00100
1535457	DB09063
1300486	DB00025
195088	DB01601
3429	DB01070
56946	DB01229
236612	DB00261
3423	DB00327
1364105	DB06663
1767	DB00835
2002	DB00564
12166	DB11220
1747556	DB11581
139778	DB01079
42676	DB00696
1028454	DB11256
4583	DB03283
4582	DB09256
480639	DB06274
9074	DB00468
1601374	DB09073
44281	DB00185
9071	DB00468
1311407	DB13110
1357536	DB08895
1294548	DB00872
10450	DB00730
10109	DB01082
9671	DB00133
1656052	DB06441
10454	DB00152
10459	DB01987
10106	DB00086
6964	DB00834
3554	DB00822
1872382	DB12095
1371907	DB11154
237108	DB09395
10580	DB09421
10582	DB00451
33740	DB08796
2176	DB00833
33742	DB01338
236987	DB06796
33746	DB00592
6308	DB00149
41127	DB01095
2913	DB11846
33253	DB01121
719	DB01351
89778	DB01057
59094	DB08999
712	DB06767
23043	DB06781
6759	DB00961
41493	DB00814
1306286	DB09101
6847	DB00474
6845	DB00423
38685	DB00662
29456	DB04711
5302	DB01355
5956	DB01362
29451	DB00351
20859	DB01161
1311323	DB09449
477320	DB00530
1311326	DB09449
7145	DB01024
1045452	DB08871
1045453	DB08871
4328	DB00574
1114325	DB05039
594	DB13160
597	DB00866
596	DB00404
1311070	DB06792
598	DB00770
1606197	DB04540
4327	DB08980
6757	DB00532
3141	DB11622
3143	DB01708
140502	DB09103
24272	DB08990
797541	DB02325
154985	DB00844
1546406	DB00282
137732	DB11136
700810	DB01255
569	DB06243
114934	DB11095
343047	DB01072
3384	DB00711
746741	DB00413
629565	DB01272
343048	DB00374
3389	DB00937
142442	DB00788
142441	DB00683
142440	DB00281
142447	DB01607
1362882	DB01909
142444	DB00420
1311490	DB12859
142448	DB00279
235373	DB01501
1311495	DB09398
118463	DB00275
1311670	DB05383
448	DB00898
1727455	DB11363
1040027	DB08815
577300	DB01367
1727454	DB11363
1331	DB11150
325887	DB01141
6932	DB01110
797196	DB06702
8699	DB01599
8698	DB01032
8129	DB00914
8126	DB02192
82122	DB01137
8124	DB00780
8123	DB00780
82126	DB01332
8120	DB01438
7704	DB00129
7701	DB13026
59078	DB00660
235721	DB04819
641	DB00479
643	DB00479
645	DB11561
644	DB00594
3098	DB00851
103447	DB08973
35373	DB12846
61381	DB00334
28817	DB01356
1591922	DB09027
1591923	DB06151
47364	DB00963
4103	DB00655
8348	DB01621
82010	DB00988
82012	DB00254
591622	DB01273
4109	DB00903
4108	DB00903
1597371	DB09296
8340	DB00592
8347	DB00236
82019	DB04841
8345	DB09350
1546380	DB01440
50121	DB00588
279645	DB00918
9641	DB11135
1293719	DB11159
318341	DB00002
17610	DB11573
38315	DB13091
91241	DB00968
7417	DB01115
7414	DB04145
17611	DB11081
7418	DB04552
24457	DB03994
3634	DB09167
28144	DB01084
24453	DB08989
642274	DB01256
1544124	DB09534
17614	DB13595
23437	DB00954
1801820	DB11611
1313234	DB11677
237159	DB13139
1306884	DB00258
56570	DB09098
283547	DB11186
10844	DB04571
10847	DB00792
10849	DB00427
4077	DB01215
1359086	DB03440
22054	DB04839
3966	DB01364
142133	DB09167
1433887	DB13873
1724429	DB11835
24830	DB08981
221118	DB09407
61148	DB00052
228790	DB01126
239	DB11617
3435	DB09115
3639	DB00997
35163	DB06816
3637	DB00561
60548	DB01276
1193326	DB08877
42463	DB00175
35406	DB00162
5775	DB09374
35400	DB00162
1727573	DB01172
5084	DB06786
38967	DB12248
2344	DB01563
69634	DB00020
235426	DB01085
1425099	DB08911
10368	DB00871
2348	DB00446
861634	DB08860
1492940	DB09148
27340	DB01189
408077	DB06806
52071	DB00132
1306064	DB00535
38865	DB12902
38866	DB11079
57021	DB06149
1306069	DB00919
1299928	DB09322
11404	DB00920
1889	DB00146
215247	DB06768
154	DB01418
1886	DB00201
1603833	DB09060
3706	DB00378
4463	DB08971
4460	DB01544
4461	DB00591
135391	DB00768
4919	DB00145
4917	DB00727
82100	DB09324
4910	DB09462
105694	DB00016
1430438	DB08916
6038	DB00951
35803	DB08806
1114693	DB06769
6033	DB00167
17268	DB00240
50975	DB06788
49737	DB00187
5175	DB03404
20178	DB04519
2653	DB00907
1300701	DB04871
6980	DB01017
152761	DB00659
6102	DB01575
1445143	DB00332
1547611	DB04911
1368624	DB04557
3418	DB00320
1368626	DB02579
116240	DB13301
1653802	DB01284
221099	DB13152
1086769	DB06684
1086768	DB06684
1598096	DB06614
6834	DB13520
1599788	DB09029
235559	DB00698
2019	DB00190
2018	DB02329
1652103	DB11586
235552	DB00438
2017	DB02329
2011	DB09012
235554	DB00931
1426595	DB02795
9061	DB01103
9060	DB04216
10288	DB09203
1742994	DB03066
9068	DB00908
53654	DB00238
21579	DB06778
1362871	DB00141
475342	DB01254
19698	DB11279
619693	DB06614
8353	DB12478
3565	DB00202
6878	DB09241
106101	DB00935
7258	DB00788
5333	DB05381
10591	DB01607
10594	DB00208
236778	DB00209
203171	DB01327
202912	DB00011
236774	DB06623
4488	DB00322
10553	DB02513
6854	DB00553
115698	DB00246
2907	DB00148
6853	DB00723
6852	DB01403
704	DB00321
1306065	DB11140
703	DB01118
20352	DB01136
91104	DB00318
26925	DB05381
1243041	DB08820
1597818	DB06663
1872047	DB02365
34905	DB00807
38623	DB13747
1546365	DB00733
68099	DB00426
1441689	DB11311
40028	DB00029
237005	DB01227
1311311	DB09449
68091	DB00757
68092	DB06791
1546369	DB00406
6582	DB01377
6581	DB09104
83008	DB01128
72965	DB01006
847728	DB06708
34345	DB00733
34347	DB09345
1091642	DB08822
9806	DB12604
896038	DB03895
7623	DB01165
3154	DB00618
1546414	DB08167
1546415	DB09293
149	DB01193
1739745	DB05541
1552337	DB09048
1546413	DB00725
1436	DB01244
3390	DB00255
3393	DB00861
20220	DB00748
28554	DB08939
28004	DB01020
644101	DB01271
1919503	DB11714
7688	DB00816
1314365	DB02249
1348	DB00394
283821	DB00049
115238	DB00102
21090	DB01188
1347	DB00394
23088	DB01551
318	DB00171
6929	DB06148
8113	DB03783
6927	DB00948
6926	DB00379
9872	DB01077
6920	DB01578
6923	DB01011
6922	DB00916
1372638	DB00451
7712	DB02262
7715	DB01173
38252	DB09289
11153	DB01339
1665684	DB09303
5542	DB06789
4462	DB01047
32559	DB04224
993449	DB06643
29155	DB09481
29151	DB08938
8597	DB06715
1299782	DB00567
8591	DB00761
8372	DB01604
8373	DB06153
158387	DB01113
82063	DB00497
82065	DB00595
82064	DB01192
35382	DB11085
82069	DB01626
34568	DB00837
1673367	DB09291
606396	DB09532
50138	DB08967
12574	DB00441
25916	DB00142
31958	DB12927
298869	DB00700
91251	DB00501
7405	DB02701
1193325	DB08877
7407	DB00184
1364374	DB01582
8328	DB01085
214470	DB00004
117055	DB00087
16054	DB11336
19737	DB00963
593411	DB01261
1366887	DB00974
1649527	DB04242
1421151	DB09132
6628	DB00742
1426680	DB00028
10391	DB09085
5936	DB04711
32698	DB00383
259480	DB06623
13714	DB11115
857649	DB11315
9894	DB09112
9895	DB00325
1800664	DB11123
9893	DB00607
221163	DB09154
221161	DB00203
31005	DB11102
221167	DB01606
228783	DB00998
3628	DB00988
183875	DB08968
41996	DB06144
19551	DB00885
19884	DB00639
141366	DB00952
29950	DB01336
1544577	DB11371
235737	DB00321
1927662	DB11943
11413	DB00495
11416	DB01593
1306093	DB09093
6130	DB01221
6131	DB12465
4719	DB01241
6135	DB01026
82036	DB01627
1596	DB09020
1242987	DB08828
25480	DB00996
1425222	DB08912
25483	DB00597
25486	DB00789
3714	DB00651
9478	DB00778
1367839	DB05528
1424911	DB08912
38891	DB00209
38893	DB13124
13369	DB09496
1862578	DB12332
477631	DB00237
802624	DB08884
732187	DB06589
9785	DB12965
4678	DB01004
4903	DB01437
105069	DB00704
1659191	DB09143
227214	DB01329
81864	DB00523
1010598	DB01183
7394	DB04820
7396	DB00622
39786	DB00285
7393	DB00627
153374	DB00764
134527	DB00220
7398	DB00699
5140	DB09155
3403	DB01396
75635	DB00063
3407	DB00390
1094833	DB06186
3409	DB12945
20767	DB00446
1535922	DB05578
1482913	DB09161
38546	DB00620
7531	DB00540
38413	DB00214
1235585	DB06817
6313	DB00650
1428833	DB11185
10612	DB00911
42612	DB01003
1598641	DB09047
1294563	DB01139
1006469	DB03756
220982	DB01392
1547770	DB03895
1294569	DB00736
236388	DB00825
45045	DB09495
10438	DB00277
82124	DB01177
22968	DB09123
1595589	DB09561
34822	DB13149
10432	DB01041
139953	DB01278
10437	DB01412
7247	DB06711
237160	DB13139
83818	DB01029
7243	DB00704
7242	DB01183
7240	DB00779
596554	DB04876
5093	DB00502
83816	DB00705
1427065	DB11272
860178	DB00042
4496	DB00623
4494	DB01185
4493	DB00472
203189	DB00959
4491	DB00324
9789	DB11080
274786	DB00976
203180	DB00668
203181	DB01170
274783	DB00047
1363268	DB08875
6821	DB00940
6822	DB04819
6823	DB04833
6825	DB00463
6826	DB00703
592464	DB09009
1435108	DB08357
1546223	DB00271
33272	DB01579
1363267	DB08875
152021	DB00804
203164	DB00165
20343	DB00821
1426391	DB11260
203160	DB00678
91138	DB00408
91135	DB01623
203168	DB00321
91130	DB00831
1043181	DB08846
38668	DB01108
314495	DB00613
1902	DB09116
8814	DB01240
33656	DB00981
1658314	DB09128
33309	DB00832
1314261	DB12816
40036	DB11125
37806	DB00251
37801	DB00857
8745	DB01069
8742	DB00420
15080	DB09516
1546428	DB00180
1546421	DB01010
1546425	DB04160
1546424	DB12529
1546427	DB02731
1919083	DB06595
4981	DB09276
1422	DB00865
3368	DB00890
1424	DB00245
1426	DB06770
3364	DB00900
28012	DB08802
1803717	DB11674
3361	DB00804
3363	DB00943
29787	DB09543
733	DB00415
121191	DB00073
1043213	DB01147
739	DB00276
738	DB01427
1314372	DB09473
1486025	DB09151
1487514	DB09076
4278	DB00927
72611	DB01066
72610	DB00197
1362139	DB00246
1040005	DB06590
2015	DB00578
5556	DB07118
5553	DB00557
5552	DB01005
9860	DB00456
9863	DB09153
1202	DB00335
9864	DB01147
91311	DB00223
24506	DB12131
339270	DB01079
8588	DB01345
1309396	DB00862
38085	DB11582
357977	DB01268
141400	DB00718
3392	DB09095
1514	DB00443
1517	DB00443
1516	DB00443
1511	DB06698
1512	DB06756
1000082	DB06766
1303097	DB08897
1303098	DB08897
47187	DB00901
47181	DB09275
979509	DB11596
5882	DB00033
8565	DB01324
486164	DB00070
82077	DB01174
1366567	DB08902
1425419	DB09563
82078	DB00191
1112973	DB06681
1541246	DB03581
24855	DB13042
2540	DB01597
6553	DB00589
9066	DB04575
1659205	DB12362
1546059	DB09080
31435	DB00385
1044584	DB08869
91269	DB00142
55176	DB12278
7476	DB00325
261715	DB00855
35220	DB00908
261718	DB09351
220087	DB00359
1364499	DB02579
72435	DB00026
56455	DB03793
35797	DB00817
273888	DB11168
22696	DB00405
22697	DB13679
485417	DB00496
1549332	DB02345
282415	DB00915
314838	DB09449
4018	DB00153
253453	DB00022
1374802	DB09125
588250	DB04896
24609	DB08983
259493	DB13166
29410	DB12554
1897	DB06724
5976	DB09333
9887	DB09333
9886	DB09133
9884	DB11119
7500	DB04821
475968	DB06655
9881	DB11123
9880	DB11151
221171	DB09552
221173	DB01124
221172	DB00373
7508	DB00368
221174	DB01036
221177	DB00685
221176	DB00440
21009	DB09129
1729002	DB11362
1307404	DB08890
1539753	DB09040
1362872	DB03175
235398	DB00892
711942	DB06210
2323	DB06777
84857	DB01217
1743286	DB06590
29209	DB12751
235408	DB00628
227518	DB00066
215799	DB01401|DB00936
235402	DB00527
69893	DB12602
10958	DB08841
83395	DB01232
281	DB00787
1242999	DB06626
1362875	DB06894
27169	DB01097
1608322	DB06636
1368001	DB06203
25138	DB00693
52014	DB12472
21914	DB12766
640062	DB06213
32022	DB01486
40001	DB01198
223779	DB11107
23035	DB09095
1673704	DB09270
25102	DB01073
6011	DB01247
88014	DB00953
1549106	DB11256
1876119	DB12865
1356715	DB01077
2496	DB11136
2193	DB01212
2194	DB01112
24852	DB13873
24853	DB00800
1368130	DB07352
7891	DB01783
71535	DB01339
235972	DB00382
9260	DB00206
1368647	DB07767
10737	DB00656
10734	DB00752
10735	DB09283
60245	DB11783
110	DB11145
39937	DB01593
25789	DB00222
1872441	DB12095
1433867	DB08930
236379	DB11738
38409	DB00539
38400	DB00289
36453	DB01236
275891	DB01610
38404	DB00273
35302	DB00877
10600	DB00373
33431	DB09209
53017	DB00941
235370	DB06824
9462	DB01301
327361	DB00051
57048	DB02638
1306284	DB09065
1433868	DB08930
235379	DB00085
1545975	DB01140
18469	DB01208
1796	DB13346
1547099	DB09034
9644	DB11142
1547545	DB09037
236991	DB00758
39684	DB00751
18867	DB00542
314718	DB01378
68149	DB00688
3500	DB01081
68147	DB00050
194337	DB02546
401713	DB06775
860168	DB00083
9793	DB05245
2670	DB00318
203199	DB00344
2672	DB00318
828682	DB06716
203192	DB01183
203190	DB00247
203197	DB01438
203195	DB00417
203194	DB00345
6832	DB06799
18609	DB08795
6837	DB00134
6835	DB00763
1656051	DB06441
18602	DB00548
18603	DB00972
18600	DB00719
6857	DB01028
203175	DB00711
8004	DB00312
203177	DB00327
203176	DB00320
274771	DB01280
203170	DB00611
203172	DB01212
6851	DB00563
91125	DB00508
91127	DB01063
1984	DB12328
8410	DB00009
1982	DB12221
1981	DB09015
1606218	DB09102
38655	DB08814
82042	DB01365
1606217	DB09102
341248	DB00973
76895	DB00015
142149	DB00889
1299904	DB00207
237027	DB00873
35827	DB00465
34369	DB01130
18989	DB03793
8770	DB00777
1862579	DB12332
1455099	DB09068
1546438	DB00986
54365	DB11106
298665	DB06802
7646	DB00338
1376156	DB11933
1385	DB12319
15657	DB01262
360288	DB00216
33688	DB09268
322249	DB00998
322248	DB00300
1314347	DB11259
539765	DB00514
29008	DB11231
37925	DB01083
1311201	DB11348
725	DB00182
722	DB00543
723	DB01060
720	DB00613
1435287	DB04734
9010	DB00205
1731031	DB11560
1594675	DB09162
20890	DB06725
284924	DB00619
8175	DB00397
1665222	DB09144
1169	DB00128
47998	DB00446
35161	DB00119
733003	DB06809
5521	DB01611
9509	DB12418
6466	DB01206
40575	DB00744
89753	DB00233
114817	DB08806
25842	DB04564
11170	DB00661
72937	DB00323
44	DB09110
1292	DB00181
495881	DB00398
47579	DB00248
9384	DB01045
73645	DB00577
594680	DB00632
266663	DB00716
27199	DB00741
1440264	DB08878
82048	DB00948
82047	DB00916
1298840	DB00180
1298842	DB00715
82043	DB01227
8001	DB00652
27196	DB00741
27197	DB00741
28198	DB08940
15070	DB08905
155122	DB04824
1251576	DB11421
3194	DB03619
1362	DB01075
1648126	DB11596
1361	DB09023
1482790	DB06290
236457	DB08800
1369	DB00436
